username,date,retweets,favorites,label,text,geo,mentions,hashtags,id,permalink
Knsamorin,2019-01-17 14:39,250,65,,เซเลปทวิตคือบุลลี่กิ้นบดเอย อ๊บไสไม้ เอย ทรูไอดีจ้างโปรโมทเข้าหน่อยล่ะแหมมมมมมมมมมมมมม,,,,1085803697886523392,https://twitter.com/Knsamorin/status/1085803697886523392
withfired,2019-01-01 17:01,541,123,,แงงงงง น่ารักกกก อ๊บไสไม้ อ๊บๆๆๆ อ๊บป้ากังนัมสไตล์ pic.twitter.com/pMKERr7Wrk,,,,1080041235237154816,https://twitter.com/withfired/status/1080041235237154816
compatriot_8,2018-12-28 17:56,136,91,,ที่สุดแห่งดราม่าของ BNK ที่เคยเจอมา ดราม่าที่ไร้สาระที่สุด : อ๊บไสไม้ คือมึงจะดราม่าแม้กระทั่งกับเรื่องแบบนี้หรอวะ ดราม่าที่ฮาที่สุด : ใครแฟนแก้ว เมื่อปั่นเมมมีแฟนไม่ได้ก็ปั่นให้เป็นแฟนกับคนในวงซะเลย แล้วก็เข้าทางเหล่าชิปเปอร์ทั้งหลาย,,,,1078605595685543936,https://twitter.com/compatriot_8/status/1078605595685543936
BrightTV20,2018-12-26 14:07,2260,691,,พอจะจำกันได้มั้ยเอ่ยว่ามีเรื่องอะไรบ้าง..? #ถ้ำหลวง #บุพเพสันนิวาส #เป๊กผลิตโชค #เลือดข้นคนจาง #อ๊บไส ไม้ #ประเทศกูมี #ข่าวบันเทิง #ไบรท์ทีวีช่อง20 https://www. brighttv.co.th/entertain/3197 66 …,,,# # # # # # # #,1077823203903299585,https://twitter.com/BrightTV20/status/1077823203903299585
secondpamola,2018-12-16 18:25,64,4,,ดราม่าอรแรงสุดในรุ่น1ละมั้ง ในแง่ที่ว่าทำตัวเอง ส่วนไข่มุก ไม่มีอันไหนเลยที่มันเริ่มก่อน อย่าง อ๊บไส ไม้ มันก็ได้ผิดที่จะไม่รู้จัก ไม่ได้เป็นอาการไร้มารยาทอะ คนด่ามันเพราะมันไม่รู้จักกบไส้ ไม้ ส่วนวี อันนี้มันทำตัวเองจริงๆ ต้องยอมรับว่าเด็กมันผิด https:// twitter.com/ambiguous015/s tatus/1074263291319410689 …,,,,1074264142159081472,https://twitter.com/secondpamola/status/1074264142159081472
eyehippyy,2018-12-14 00:21,231,14,,อ๊บไสไม้ จ้า pic.twitter.com/yQlMIJdkrQ,,,,1073266584829874176,https://twitter.com/eyehippyy/status/1073266584829874176
gynepjr,2018-11-05 00:00,125,11,4.0,ไม่ได้ชอบเดอะทอยนะ แต่ อ๊บไสไม้ กับลูกเจี๊ยบในถ้วย เลเวลความปัญญาอ่อนมันก็ต่างกันอยู่,,,,1059128249819705345,https://twitter.com/gynepjr/status/1059128249819705345
DawnUntill,2018-08-12 21:36,33,37,,จิ้มแก้มมมม #BNK48 #KaimookBNK48 #NoeyBNK48 #แกอ่ะคิดมาก #ไม่หวานแต่รักแม่มาก #กิ้นบด #อ๊บไสไม้ pic.twitter.com/unsQEJqB5u,,,#BNK48 #KaimookBNK48 #NoeyBNK48 # # # #,1028651401558163457,https://twitter.com/DawnUntill/status/1028651401558163457
Treeshrewy,2018-07-27 22:27,2572,103,,ดู อ๊บไสไม้ กับกิ้นบดแล้วก็เข้าใจไอ้ที่แม่คอยด่าว่า พูดดีๆ พูดชัดๆ ถามละให้ตอบ อย่าอมนิ้ว ไม่รู้บอกไม่รู้ ไม่ต้องเอานิ้วโรลผม ห้ามพฤติกรรมแนวๆนี้ทุกอย่าง ห้ามจนกูดูเถื่อนไปเลย,,,,1022866032975798272,https://twitter.com/Treeshrewy/status/1022866032975798272
bankmodify,2018-07-25 13:16,101,87,,คุณไข่ และ อ๊บไสไม้ ของเขา #KaimookBNK48 #VictoryBNK48 #BNK48 pic.twitter.com/yZmTlsX4ju,,,#KaimookBNK48 #VictoryBNK48 #BNK48,1022002570498322433,https://twitter.com/bankmodify/status/1022002570498322433
MissLazy28,2018-07-16 12:17,25,24,,ดราม่าอรนี่ปญอ พอๆกับ ดราม่าคุณไข่ ตอน #อ๊บไสไม้ เลยอะ คือดราม่าเหมือนอรทำผิดมาก แค่ตอบประชดแค่นั้น เรามองว่าแค่นั้นเอง เรื่องนิดเดียวทำไมใหญ่โตได้วะ เราไม่รู้หรอกว่าเค้าโดนถามแบบนี้มากี่ครั้งแล้ว เค้าอาจจะโดนถามมาเป็นรอบที่100 รอบนี้รอบที่101 เค้าก็ทนไม่ไหวแค่นั้นเอง #OrnBNK48,,,# #OrnBNK48,1018726274120871937,https://twitter.com/MissLazy28/status/1018726274120871937
CCher48,2018-06-15 07:25,330,293,,หลังจากเมื่อวาน ไปญี่ปุ่นรอบนี้ ได้ท่าถ่ายรูปใหม่ละ #bnk48 #CherPrangBNK48 #IzutaRinaBNK48 #MusicBNK8 #JennisBNK48 #KaimookBNK48 #อ๊บไสไม้ #Davinciเกมถอดรหัส pic.twitter.com/nuAbTUZJVC,,,#bnk48 #CherPrangBNK48 #IzutaRinaBNK48 #MusicBNK8 #JennisBNK48 #KaimookBNK48 # #Davinci,1007418804110946304,https://twitter.com/CCher48/status/1007418804110946304
LuvJennisBNK48,2018-06-14 17:29,310,217,,#Davinciเกมถอดรหัส นี่คือท่าไม้ตายสยบ #อ๊บไสไม้ สตีลได้ 8000 บาทพลิกล็อคเลยกลายเป็นรวยที่สุดในตอนนี้ #KaimookBNK48 #BNK48 pic.twitter.com/OfBS5fAbuh,,,#Davinci # #KaimookBNK48 #BNK48,1007208393633746945,https://twitter.com/LuvJennisBNK48/status/1007208393633746945
kapookdotcom,2018-06-14 09:04,11,17,,บอย ปกรณ์ ป้องไข่มุก BNK ไม่ได้แอ๊บตอบ #อ๊บไสไม้ ชี้เมนต์แรงเกิน https:// women.kapook.com/view194865.html #KaimookBNK48 #BNK48 #kapook,,,# #KaimookBNK48 #BNK48 #kapook,1007081388745453568,https://twitter.com/kapookdotcom/status/1007081388745453568
PPTVHD36,2018-06-13 18:37,19,18,,#บอยปกรณ์ วอนชาวเน็ตเห็นใจ หยุดดราม่า “ อ๊บไสไม้ BNK48” ยันน้องๆไม่ได้แอ๊บ และรายการไม่มีสคริปต์ ได้ อ่านข่าวบันเทิงไทยและต่างประเทศ คลิก https:// goo.gl/HFWSwK #ETThailand #PPTVHD36 #ข่าวบันเทิง #boy_pakorn #bnk48 #อ๊บไสไม้ #ไข่มุกBNK48 pic.twitter.com/CTFbAzXOJX,,,# #ETThailand #PPTVHD36 # #boy_pakorn #bnk48 # #,1006863001884880896,https://twitter.com/PPTVHD36/status/1006863001884880896
THPopCulture,2018-06-12 17:31,560,385,,จอนอกะว่าได้สตีลแน่ๆ แคปตอบถูก บอยกอนขยี้ จอนอเบรก ตลกกกก #BNK48 #CherprangBNK48 #JennisBNK48 #อ๊บไสไม้ pic.twitter.com/CAonvRTIoZ,,,#BNK48 #CherprangBNK48 #JennisBNK48 #,1006484171496218624,https://twitter.com/THPopCulture/status/1006484171496218624
freedommay,2018-06-12 17:16,31,26,,สำรับใครงง กงเกวียนกำเกวียน คุณครู จ น มาให้ความรู้แล้วจ้า #JennisBNK48 #bnk48 #อ๊บไส ไม้ #Daviciเกมถอดรหัส pic.twitter.com/hTgioCQj07,,,#JennisBNK48 #bnk48 # #Davici,1006480302867243011,https://twitter.com/freedommay/status/1006480302867243011
Cake_journey,2018-06-10 00:04,121,39,,"ไข่มุก"" BNK48 ยอมรับเสียใจมีคนมาทะเลาะกันเองเรื่อง “ อ๊บไสไม้ ” ยันไม่รู้จักกบไสไม้จริงๆ เลยเลือกตอบ อ๊บ ทั้งๆที่รู้ว่าผิด น้อมรับทุกคำวิจารณ์ แต่ถ้าไม่ใช่ติเพื่อก่อ ก็จะไม่รับเอามาเป็นความทุกข์ของตัวเอง ไม่เสียใจที่มีคนวิจารณ์ ชีวิตมีอะไรที่ต้องโฟกัสมากกว่านี้ เช่นการพัฒนาตัวเอง pic.twitter.com/UUxlpjLUpf""",,,,1005495912062308353,https://twitter.com/Cake_journey/status/1005495912062308353
p7Yr4pgQaVW5je3,2019-02-17 22:36,0,0,,กระแสร้อนๆแห่งโลกโซเชียล เจอดราม่า อ๊บไสไม้ ไข่มุก BNK48 เจอเหน็บแรงกลางรายการ ดูฉลาดน้อย http://www. socialhot24.com/news74318.html ?d=17022019&f=70482 … #อ๊บไสไม้ #BNK48Market #BNK48Market,,,# #BNK48Market #BNK48Market,1097157762960699392,https://twitter.com/p7Yr4pgQaVW5je3/status/1097157762960699392
DgtmWIDuUy4G9ak,2019-02-16 13:09,1,2,,เจอเหน็บแรงกลางรายการ http://www. socialhot24.com/news74318.html ?d=16022019&f=35673 … #BNK48 #BNK48Market #JuneBNK48 #WeeBNK48 #FondBNK48 #MewnichBNK48 #KaewBNK48 #MusicBNK48 #JennisBNK48 #TarwaanBNK48 #NoeyBNK48 #OrnBNK48 #PunBNK48 #NamneungBNK48 #cherpangbnk48,,,#BNK48 #BNK48Market #JuneBNK48 #WeeBNK48 #FondBNK48 #MewnichBNK48 #KaewBNK48 #MusicBNK48 #JennisBNK48 #TarwaanBNK48 #NoeyBNK48 #OrnBNK48 #PunBNK48 #NamneungBNK48 #cherpangbnk48,1096652758113873920,https://twitter.com/DgtmWIDuUy4G9ak/status/1096652758113873920
rvichaya,2019-02-13 19:15,0,0,,ความพยามเมคเฟรนในเซคที่ไม่มีเพื่อนสนิทของอินุ่น = อุส่าเมคเฟรนกะเพื่อนผญแล้ว เพื่อนเสือกเปงโอตะ โอชิคุนไข่หัวหน้าเพนกวิ้น เคยกิ้นบดไปจับมือมิวสิก อิเวน นี่ฮึบไม่ให้ล้อกิ้นบดกับ อ๊บไสไม้ หนักมาก55555555555555555555555555555,,,,1095657821306114049,https://twitter.com/rvichaya/status/1095657821306114049
AAbbcc2259,2019-02-13 02:44,1,1,,“โตโน่” กลับมารีเทิร์น “แตงโม” #วายุเทพยุทธ์ #หลินฮุน #ไม่มีเธอไม่ตาย #อ๊บไสไม้ #ออฟกัน #ข่าวดารา #ข่าวบันเทิง #ข่าวบันเทิงวันนี้ #ช่องวัน31 #ช่อง33 #กัปตันชลธร #ข่าวดารา #เกมเสน่หา #เดลินิวส์ #เพชรร้อยรัก #ข่าวภูมิภาค #ปิ๊กโรม #พัคจีฮุน #แพจินยอง http://www. starnews2day.com/news49573.html ?d=13022019&f=35592 …,,,# # # # # # # # # # # # # # # # # # #,1095408343227674624,https://twitter.com/AAbbcc2259/status/1095408343227674624
DASSAKON3,2019-02-10 22:42,3,1,,BNK48 เจอเหน็บแรงกลางรายการ http://www. socialhot24.com/news74318.html ?d=10022019&f=35673 … #NewBNK48 #Newventure #BNK48 #JaneBNK48 #SlothyUniverse #MindBNK48 #MYmind #TarwaanBNK48 #FondBNK48 #NamneungBNK48 #PunBNK48 #CherprangBNK48 #GygeeBNK48 #MusicBNK48 #PunBNK48 #SGO48,,,#NewBNK48 #Newventure #BNK48 #JaneBNK48 #SlothyUniverse #MindBNK48 #MYmind #TarwaanBNK48 #FondBNK48 #NamneungBNK48 #PunBNK48 #CherprangBNK48 #GygeeBNK48 #MusicBNK48 #PunBNK48 #SGO48,1094622543388889089,https://twitter.com/DASSAKON3/status/1094622543388889089
beerekapum,2019-01-27 20:43,6,6,,เอาจริงนะ วงเน็ตไอดอลหญิงล้วนที่ชอบปั้นข้าวปั้นนี่ควรจ้างทีมปรับภาพลักษณ์ได้แล้ว มีข่าวไม่เว้นวัน ตั้งแต่ซุกแฟน อ๊บไสไม้ ด่าพี่ติ๊ก ล่าสุดเรื่องนาซี นี่เรื่องใหญ่มากนะ คนรักก็ปกป้อง คนเกลียดก็ด่า มันเป็นปกติ แต่พวกเฉยๆ แล้วสุดท้ายกลายเป็นเกลียดนี่น่ากลัวนะ บอกเลย,,,,1089519276988391425,https://twitter.com/beerekapum/status/1089519276988391425
skipmetofriday,2019-01-17 15:11,107,12,,ประเด็นคือตอนมีประเด็นกิ้นบงกิ้นบด อ๊บไสไม้ ก็เคยแซะน้องด้วยนะ ทีงี้จะแบบ คุณไข่ น่าร้ากก ก็คือไม่เนียนอะ ก็คือเข้าใจว่ากลิ่นเงินหอม แต่มันปลอมอะ มันเฟค มันดูออกหมด,,,,1085811769761648641,https://twitter.com/skipmetofriday/status/1085811769761648641
pigben86,2018-12-25 23:43,24,33,,ไลฟ์จบแล้วววว ดูแล้วอิ่มอกอิ่มใจ คุณไข่เติบโตในวงการบันเทิงได้ดีจริงๆครับ เป็นเพนกิ้นที่แข็งแรงสุดๆ อ๊บไสไม้ ทำให้พี่เบิร์ดจำเราได้ซะงั้นเลยนะ555 Merry Chrismas and Happy New Year นะคุณไข่//รอดูmvอยู่นะ คืนนี้ฝันดีจ้า #KaimookBNK48 pic.twitter.com/qhk1JCR2Jb,,,#KaimookBNK48,1077605679282569216,https://twitter.com/pigben86/status/1077605679282569216
knhomphing,2018-10-12 18:48,303,19,,ไม่ได้ติดตามเลยค่ะ รู้จักจากกิ้นบดกับ อ๊บไสไม้ ค่ะ,,,,1050714941420797952,https://twitter.com/knhomphing/status/1050714941420797952
lovejupiterz,2018-08-22 19:32,24,29,,ภาพนี้มีอ๊บสองตัว อ๊บจิ้มแก้ม กับ อ๊บไสไม้ #KaimookBNK48 #NoeyBNK48 pic.twitter.com/bbXM4TIMxY,,,#KaimookBNK48 #NoeyBNK48,1032243999803727872,https://twitter.com/lovejupiterz/status/1032243999803727872
Oxygen_totz,2018-08-01 11:20,103,0,,กิ้นบดคืออะไรอีกอ่ะ ภาคต่อ อ๊บไสไม้ หรอ,,,,1024510224894320640,https://twitter.com/Oxygen_totz/status/1024510224894320640
tdr_tmmj,2018-07-26 02:25,39,4,,ตอนไข่มุก อ๊บไสไม้ ไม่ค่อยติดใจอะไรเท่าไหร่ ก็สร้างแอร์ไทม์ให้ตัวเอง แต่เจอคลิปกวิ้นบดล่าสุดแล้วกุสงสัยเลยอะว่าในชีวิตประจำวันไข่มุกพูดแบบนี้จริง ๆ อ่อ เหนื่อยมั้ย,,,,1022201171417518080,https://twitter.com/tdr_tmmj/status/1022201171417518080
supakson_jant,2018-06-14 18:22,11,15,,ธรรมดาที่ไหนล่ะ #อ๊บไสไม้ #KaimookBNK48 #Davinciเกมถอดรหัส #bnk48 pic.twitter.com/CurqrLxsn4,,,# #KaimookBNK48 #Davinci #bnk48,1007221790387523584,https://twitter.com/supakson_jant/status/1007221790387523584
DEVILmechanical,2018-06-14 17:47,17,15,,จาก #อ๊บไสไม้ จนดราม่าในวันนั้น .... สู่ #หนูรวยสุด ในวันนี้ .. #KaimookBNK48 #BNK48 #Davinciเกมถอดรหัส pic.twitter.com/OyltD1cb37,,,# # #KaimookBNK48 #BNK48 #Davinci,1007212900673417216,https://twitter.com/DEVILmechanical/status/1007212900673417216
bulletin48,2018-06-14 17:24,28,20,,นิทานเรื่องนี้สอนให้รู้ว่า อย่าตัดสินคนจาก #อ๊บไสไม้ #BNK48 #KaimookBNK48,,,# #BNK48 #KaimookBNK48,1007207104598368257,https://twitter.com/bulletin48/status/1007207104598368257
kinwoonmapraow,2018-06-14 17:22,56,56,,นี่คือท่าไม้ตายสยบ #อ๊บไสไม้ 555555 คุณไข่สุดยอดดดด #BNK48 #KaimookBNK48 pic.twitter.com/CZ63fp8khe,,,# #BNK48 #KaimookBNK48,1007206704860168192,https://twitter.com/kinwoonmapraow/status/1007206704860168192
dieu_got,2018-06-10 19:28,32,32,,สนใจหนังสือฝรั่งเศส ติดต่อ Line: dieu_got เป็นหนังสือพื้นฐานเหมาะสำหรับผู้เริ่มเรียนครับ ใช้คู่กันสองเล่ม ราคาพิเศษ!! ติดตามได้ที่เพจ IG:fr_vocabdaily สองเล่ม ซื้อคู่กัน 250 บาท เท่านั้น ขายดีมากกก!! จัดเลย #dek61 #WannaOne1stWorldTourinBKK #กัปตันชลธร #อ๊บไส ไม้ #ทีมมศว pic.twitter.com/QfbDd6HfPj,,,#dek61 #WannaOne1stWorldTourinBKK # # #,1005788678453526528,https://twitter.com/dieu_got/status/1005788678453526528
mayishap1,2018-06-09 23:31,124,44,,เหนือสิ่งอื่นใด #เจเจตริน และ #อ๊บไสไม้ ได้ส่งต่อไม้เรียบร้อยแล้ว555 อาทิตนี้มาม่าเยอะจังวุ้ย #กัปตันชลธร #NineEntertainAwards2018 pic.twitter.com/fofdJydpot,,,# # # #NineEntertainAwards2018,1005487598641410048,https://twitter.com/mayishap1/status/1005487598641410048
musickokopop,2018-06-09 18:59,45,61,,ข่าวดราม่า #อ๊บไสไม้ ไม่มีผลอะไรเลย มีแต่แฟนๆให้กำลังใจ ยิ่งงานแลคตาซอยวันนี้ตอนคุณไข่แนะนำตัวหรือพูดอะไร เสียงแฟนๆที่เชียร์จะดังมาก นี่แหละครอบครัว #Bnk48 #Kaimookbnk48,,,# #Bnk48 #Kaimookbnk48,1005419157335052288,https://twitter.com/musickokopop/status/1005419157335052288
nititone,2019-02-16 13:08,1,2,,เจอเหน็บแรงกลางรายการ http://www. socialhot24.com/news74318.html ?d=16022019&f=35673 … #BNK48 #BNK48Market #JuneBNK48 #WeeBNK48 #FondBNK48 #MewnichBNK48 #KaewBNK48 #MusicBNK48 #JennisBNK48 #TarwaanBNK48 #NoeyBNK48 #OrnBNK48 #PunBNK48 #NamneungBNK48 #Cherpangbnk48,,,#BNK48 #BNK48Market #JuneBNK48 #WeeBNK48 #FondBNK48 #MewnichBNK48 #KaewBNK48 #MusicBNK48 #JennisBNK48 #TarwaanBNK48 #NoeyBNK48 #OrnBNK48 #PunBNK48 #NamneungBNK48 #Cherpangbnk48,1096652414927593472,https://twitter.com/nititone/status/1096652414927593472
TAKKY210,2019-02-13 10:32,3,1,,เจอเหน็บแรงกลางรายการ http://www. socialhot24.com/news74318.html ?d=13022019&f=35673 … #NewBNK48 #Newventure #BNK48 #JaneBNK48 #SlothyUniverse #MindBNK48 #MYmind #TarwaanBNK48 #FondBNK48 #NamneungBNK48 #PunBNK48 #CherprangBNK48 #GygeeBNK48 #MusicBNK48 #PunBNK48 #SGO48,,,#NewBNK48 #Newventure #BNK48 #JaneBNK48 #SlothyUniverse #MindBNK48 #MYmind #TarwaanBNK48 #FondBNK48 #NamneungBNK48 #PunBNK48 #CherprangBNK48 #GygeeBNK48 #MusicBNK48 #PunBNK48 #SGO48,1095526005278629890,https://twitter.com/TAKKY210/status/1095526005278629890
AAbbcc2259,2019-02-13 02:44,0,0,,“โตโน่” กลับมารีเทิร์น “แตงโม” #วายุเทพยุทธ์ #หลินฮุน #ไม่มีเธอไม่ตาย #อ๊บไสไม้ #ออฟกัน #ข่าวดารา #ข่าวบันเทิง #ข่าวบันเทิงวันนี้ #ช่องวัน31 #ช่อง33 #กัปตันชลธร #ข่าวดารา #เกมเสน่หา #เดลินิวส์ #เพชรร้อยรัก #ข่าวภูมิภาค http://www. starnews2day.com/news49573.html ?d=13022019&f=35592 …,,,# # # # # # # # # # # # # # # #,1095408219139104768,https://twitter.com/AAbbcc2259/status/1095408219139104768
skipmetofriday,2018-11-05 12:59,66,5,,เอาจิงๆนะ เรื่องเดอะทอยไข่ตุ๋นกับไข่มุก อ๊บไสไม้ มันก็ไม่ควรจะโดนด่าทั้งสอง มุกก็ไม่รู้จักกบไสไม้ ทอยก็แค่ใช้คำว่าลูกเจี๊ยบแทนไข่เพราะมันพูดว่าไข่ไม่ได้ คือแล้วจะอินอะไร ไปด่าเขาเป็นวรรคเป็นเวร ทำงานเสร็จหรือยัง,,,,1059324260777218048,https://twitter.com/skipmetofriday/status/1059324260777218048
Thanagolf,2018-08-27 22:48,33,30,,เห็นช็อตนี่แล้วก็นึกโมโหพวกที่คอยแซะน้องเขาอยู่ตลอดจากทั้งเรื่อง ‘ อ๊บไสไม้ ’ & ‘กิ้นบด’ แบบ ตัดสินน้องไปแล้วโดยที่ไม่รู้จักตัวตนหรือธรรมชาติจริงๆของน้องเลย(บางคนไม่เคยคิดจะลองรู้จักดูด้วยซ้ำ) คนไกล้ตัวก็มีเยอะ แต่เลือกจะไม่สนใจนานแล้ว และไม่คิดจะไปอธิบายให้ฟังด้วย #KaimookBNK48 pic.twitter.com/yDk76SACxT,,,#KaimookBNK48,1034105362046058496,https://twitter.com/Thanagolf/status/1034105362046058496
stptksx,2018-08-17 20:29,22,4,,อ๊บไสไม้ Ver.ตุรกี https:// twitter.com/ben_mwong/stat us/1030321733234913280 …,,,,1030446506065547264,https://twitter.com/stptksx/status/1030446506065547264
ChayenMookku,2018-07-29 20:31,37,36,,ช่วงที่มีคุณไข่ไปออกในคลิปช่องBearhug พี่ซาน: เรารู้จักน้องอ๊บ...... คุณไข่: อ๊บไสไม้ เอาที่คุณไข่สบายใจคุณไข่ว่าไงทางเราก็ตามนั้น #KaimookBNK48 #BNK48 pic.twitter.com/E8HQ6OCsFz,,,#KaimookBNK48 #BNK48,1023561594893004800,https://twitter.com/ChayenMookku/status/1023561594893004800
knhomphing,2018-07-28 01:46,42,7,,ไม่เกลียดไรส่วนตัวอะ แต่คือดูคลิป อ๊บไสไม้ แล้วอึดอัดมาก เหมือนกว่าเขาจะสกัดแต่ละคำออกมาได้ เหมือนต้องผ่านกระบวนการหลายอย่าง ตั้งแต่คิดคำ และควบคุมให้เสียงอยู่โทนนั้นให้จบทุกประโยค ทุกคำ ขนาดคนดูยังเหนื่อย,,,,1022916098478432256,https://twitter.com/knhomphing/status/1022916098478432256
natsuaki25,2018-07-22 12:59,37,23,,ความขยี้นี้!!!!~ 55555555555 #BNK48 #SatchanBNK48 #KaimookBNK48 #อ๊บไสไม้ pic.twitter.com/2h5t9qG8lL,,,#BNK48 #SatchanBNK48 #KaimookBNK48 #,1020911173032542209,https://twitter.com/natsuaki25/status/1020911173032542209
skipmetofriday,2018-06-15 13:26,60,16,,แค่ไม่รู้จักกบไสไม้ ไม่ได้แปลว่าโง่นะ 55555555555555555 ล่าสุดสตีลโจทย์4พยางค์ มูลค่า8000บาท ที่เฌอก็ตอบไม่ได้ ปัญก็ตอบไม่ได้ #อ๊บไสไม้ pic.twitter.com/2Hdlcybm6q,,,#,1007509518899544064,https://twitter.com/skipmetofriday/status/1007509518899544064
Life_of_Ponry,2018-06-15 11:24,17,22,,นิทานเรื่องนี้สอนให้รู้ว่า อย่ามองคนแค่ #อ๊บไสไม้ ตอบแค่ อ๊บไสไม้ ได้ทั้งยอดคนติดตาม ได้ทั้งกระแสรายการ ได้ทั้งเงิน ทั้งหมดนี้เกิดการปั่นของพวกที่เรียกตัวเองว่าแอนตี้ ไหนพวกแอนตี้ด่า อ๊บไสไม้ หายไปไหนหมด อกแตกตายกันไปยัง. #BNK48 #KaimookBNK48 https:// m.facebook.com/story.php?stor y_fbid=2070144636557622&id=1754220858150003 … pic.twitter.com/UlR10uoeab,,,# #BNK48 #KaimookBNK48,1007478861523644422,https://twitter.com/Life_of_Ponry/status/1007478861523644422
auchibnk48,2018-06-14 19:51,32,24,,"Steal ไป 12,000 แล้วจ้า แม่ อ๊บไสไม้ #KaimookBNK48 #อ๊บไสไม้ #หนูรวยสุด #BNK48 pic.twitter.com/514RZLnMIR",,,#KaimookBNK48 # # #BNK48,1007244233219031040,https://twitter.com/auchibnk48/status/1007244233219031040
Sanook,2018-06-14 10:25,3,5,,"บอย ปกรณ์"" ห่วงความรู้สึก ""ไข่มุก BNK48"" ถูกด่าแรง อ๊บไสไม้ ยืนยันรายการไม่มีสคริปต์ #ข่าววันนี้ #sanook https://www. sanook.com/news/6797994/""",,,# #sanook,1007101583719624704,https://twitter.com/Sanook/status/1007101583719624704
hengsuaycountry,2018-06-12 21:02,7,5,,เนี่ย ใครที่ว่า #KaimookBNK48 แอ๊บงั้นงี้ อยากให้มาดูคุณไข่ใน #หัวหน้าห้าขวบ บ้าง น้องก็พูดปกติได้ บอกแล้วว่ามันเป็นคาแรกเตอร์ของแต่ละรายการ #bnk48 #อ๊บไสไม้,,,#KaimookBNK48 # #bnk48 #,1006537187784122369,https://twitter.com/hengsuaycountry/status/1006537187784122369
faisol_beema,2018-06-11 16:18,30,11,,อ๊บไสไม้ กับ เจเจตริน บอก กูรอดแล้ว ส่งไม้ต่อ 55555 #กัปตันชลธร pic.twitter.com/JvK9cEpCcZ,,,#,1006103280194211840,https://twitter.com/faisol_beema/status/1006103280194211840
CHOCOOLIIE,2018-06-10 16:04,40,6,,ถ้าสามารถเรียก อ๊บไสไม้ ได้ไม่แปลก เราจะเรียกสี่เหลี่ยมคางอู๊ด เพิงโฮ่งแหงนก็ได้นะ เอาดีๆ,,,,1005737511568617472,https://twitter.com/CHOCOOLIIE/status/1005737511568617472
vSdixFQTpDu07Si,2019-02-10 22:36,0,0,,BNK48 เจอเหน็บแรงกลางรายการ http://www. socialhot24.com/news74318.html ?d=10022019&f=35673 … #NewBNK48 #Newventure #BNK48 #JaneBNK48 #SlothyUniverse #MindBNK48 #MYmind #TarwaanBNK48 #FondBNK48 #NamneungBNK48 #PunBNK48 #CherprangBNK48 #GygeeBNK48 #MusicBNK48 #PunBNK48 #SGO48,,,#NewBNK48 #Newventure #BNK48 #JaneBNK48 #SlothyUniverse #MindBNK48 #MYmind #TarwaanBNK48 #FondBNK48 #NamneungBNK48 #PunBNK48 #CherprangBNK48 #GygeeBNK48 #MusicBNK48 #PunBNK48 #SGO48,1094621246552137728,https://twitter.com/vSdixFQTpDu07Si/status/1094621246552137728
kayraiaey,2019-01-26 18:44,42,0,,อ๊บไสไม้ ร้ายแลงสุด มีแต่คนด่า สุดงง,,,,1089127055164227585,https://twitter.com/kayraiaey/status/1089127055164227585
e_sz713,2019-01-05 18:19,0,1,,私のTLだいたいみんな楽曲大賞の｢自担｣に1番困ってて笑うんですがw,,,,1081510576008744960,https://twitter.com/e_sz713/status/1081510576008744960
FandomBNK48,2018-12-15 14:40,15,16,,ควรถึงเวลาแล้วที่รึยัง #BNK48 ควรจะต้องมีนักจิตวิทยา คอยให้คำปรึกษา มาประจำวงได้แล้ว จากทั้ง #KaimookBNK48 #อ๊บไส ไม้ #WeeBNK48 #เจ้าป่าเจ้าเมือง น้องๆยังถือว่าอ่อนประสบการณ์ชีวิตมากแต่ต้องมาเจอกระแสถาโถมมาอย่างหนัก รบกวนพิจารณาด้วยนะครับ #ShihininBNK48,,,#BNK48 #KaimookBNK48 # #WeeBNK48 # #ShihininBNK48,1073845221165690882,https://twitter.com/FandomBNK48/status/1073845221165690882
Tadsaorn,2018-12-12 15:45,14,0,,เธอมี อ๊บไสไม้ ของเธอ ฉันก็มีมินิฮาร์ทงงๆ ของฉัน เข้าใจป๊ะ,,,,1072774345204760576,https://twitter.com/Tadsaorn/status/1072774345204760576
pokpck,2018-12-11 18:29,8,1,,คาแรคเตอร์เดอะทอย กับไข่มุก อ๊บไสไม้ ต่างกันตรงไหน มันก็คือคาแรคเตอร์ ทำไมตอนนั้นพวกเธอบูลลี่ไข่มุก แต่ตอนนี้พวกเธอบอกเป็นคาแรคเตอร์เดอะทอย งง,,,,1072453225943629824,https://twitter.com/pokpck/status/1072453225943629824
punfrapp,2018-11-05 20:07,3,1,,ใครไม่ชอบ อ๊บไสไม้ ก็แล้วแต่คุณ ใครไม่ชอบลูกเจี๊ยบในถ้วย ก็แล้วแต่คุณ แต่คุณจะเอาสองประเด็นนี้มาโยงกันไม่ได้ อยากด่าก็ด่าแยกๆไป ถ้าคุณด่าแบบโยงๆกัน มันจะตีกัน 2 ด้อม จากคนที่เฉยๆ กับ อ๊บไสไม้ แต่เป็นแฟนคลับเดอะทอย มาเจอโยงแบบนี้ อาจจะเปลี่ยนไม่ชอบไข่มุกได้ นี่คือประเด็นที่เราแคร์,,,,1059431916246429697,https://twitter.com/punfrapp/status/1059431916246429697
suraatklennon,2018-08-06 16:42,3,2,,เอาตรงๆ นะ ผมก็ไม่เข้าใจตั้งกะ อ๊บไสไม้ แล้ว รายการมันก็เหมือนปริศนาฟ้าแลบแหละครับ วาไรตี้เกมโชว์ ไม่ใช่ไอคิว 180 มันเป็นเรื่องเล็กๆ น้อยๆ ที่ไม่น่าเอามาเป็นเรื่องใหญ่โต เรื่องเล็กมาก,,,,1026403197013831681,https://twitter.com/suraatklennon/status/1026403197013831681
pear_mhee,2018-06-15 00:40,3,1,,กุแชร์ อ๊บไสไม้ สตีลแปดพันมาให้พ่กมึงด่าแระ สะจัยโว้ยยคุงบิสกิตมาหอมแก้มที,,,,1007316779742326784,https://twitter.com/pear_mhee/status/1007316779742326784
BuzZenitH,2018-06-10 15:24,4,5,,น้องไม่ได้แอ๊บ น้องเน้นตลก #อ๊บไสไม้ #ไข่มุก #BNK48 pic.twitter.com/xcCar6eMlf,,,# # #BNK48,1005727362032361472,https://twitter.com/BuzZenitH/status/1005727362032361472
mamalikeamama,2018-06-10 08:19,32,24,,[แหวกดราม่า] เอ่อ รู้สึกว่าช่วงนี้ดราม่าจะเยอะจนเผือกไม่ทัน เริ่มงงและมึน ต่อไปถ้าอิชั้นโพสว่า #กัปตันชลธร ท้องกับ #เจเจตริน มีลูกเป็น #อ๊บไสไม้ นี่อย่าด่านะ มึน,,,# # #,1005620355065507840,https://twitter.com/mamalikeamama/status/1005620355065507840
luv_pupe,2019-01-31 02:35,5,10,,อ่านแล้วก็คิดถึงช่วง อ๊บไสไม้ จำได้ว่าก่อนหน้านั้นคุณไข่มีทำขนมไปแจกเด็กๆ ตอนไปร่วมกิจกรรมที่ศูนย์เด็กพิเศษ เด็กๆก็มีความสุขได้ร้องเพลง ได้เต้น ได้กินขนม แต่คนใจดีคนนี้ กลับถูกด่าว่าอย่างรุนแรงจากกลุ่มคนที่ไม่ได้รู้จักอะไรกันเลย เพียงเพราะ หมั่นไส้ แบ๊วเกิน แค่นั้น #KaimookBNK48 pic.twitter.com/c3gaQb4GWg,,,#KaimookBNK48,1090694905972776960,https://twitter.com/luv_pupe/status/1090694905972776960
P_annibil,2019-01-17 15:51,2,10,,ตอนนั้นอ่านแท็ก #กิ้นบด #อ๊บไสไม้ ละคือหัวร้อนมากเลย เห้ออคนไม่ตามวงเค้าอาจจะไม่รู้ สงสัยได้เงินเยอะเลยพึ่งมาตามแล้วเลยเข้าใจ ทำมาเป็นให้เปิดใจ เหอะๆ,,,# #,1085821989997039617,https://twitter.com/P_annibil/status/1085821989997039617
geekjuggler,2018-12-11 17:01,13,3,,ก็เห็นคนด่าเรื่อง อ๊บไสไม้ ไปไล่กรี๊ดเดอะทอยมินิฮาร์ทอ่ะครับ,,,,1072431269605183488,https://twitter.com/geekjuggler/status/1072431269605183488
FourFourTwoTH,2018-09-16 15:02,2,1,,"เตารีด,นิ้วขาด และ อ๊บไสไม้ ! : 10 แขวนที่แขวนสตั๊ดด้วยเหตุผลที่ไม่เหมือนใคร อ่านต่อ https://www. fourfourtwo.com/th/features/et aariidniwkhaad-aela-baisaim-10-aekhwnthiiaekhwnstaddwyehtuphlthiiaimehmuuenaikhr … pic.twitter.com/5xnEvZekNC",,,,1041235817996288002,https://twitter.com/FourFourTwoTH/status/1041235817996288002
cumulonimbus086,2018-08-27 22:31,26,0,,เมื่อเช้าดูคลิปในรายการที่สัมBNK ละไข่มุกได้พูด เค้าก็พูดเรื่องที่โดนล้อกิ้นบดเอย อ๊บไสไม้ เอยไรงี้ เหมือนเค้าก็กดๆไว้ ละพูดแบบจะร้องไห้อะ ว่าไม่เคยร้องไห้ให้ใครเห็นเรื่องนี้เลย แบบจะร้องจริงๆ คอมเมนต์ใต้คลิป (ที่ไม่นับคนปั่น) ยังมาด่าตอแหลอะ กุจะบ้า,,,,1034101169113579520,https://twitter.com/cumulonimbus086/status/1034101169113579520
tipst13,2018-08-16 04:07,2,4,,จริงค่ะ ถ้าได้อย่างน้องเฌอปรางกันทั้งวงก็คงดี แต่ด้วยวงการแบบนี้ต้องคละคาแรคเตอร์อยู่แล้ว ....แค่เรานึกว่าต่อไปเด็กๆที่ยึดวงนี้เป็นไอดอล จะมา อ๊บไสไม้ กิ้นบดก่ะคื้อออ กันครึ่งค่อนประเทศ เราก็เครียดแล้ว,,,,1029837048314716160,https://twitter.com/tipst13/status/1029837048314716160
0227theKaori,2018-08-07 00:04,6,0,,ทวิตเรื่องนี้หลายครั้งมาก ใช่ค่ะดิชั้นโอชิไข่มุก ก็ชอบคนน่ารักอ่ะ ต่อให้คุณไข่จะไม่ถูกจริตใครแต่ถูกจริตเรา 55555555555 ตั้งแต่ประเด็น อ๊บไสไม้ ก็คือนี่ดูขำๆ แต่เป็นประเด็นดราม่าได้ไงยังงงอยู่เลย 5555555555555,,,,1026514396346904576,https://twitter.com/0227theKaori/status/1026514396346904576
pokpck,2018-07-29 03:03,20,1,,โซเชียลมูฟเม้นในเจเนเรชั่นนี้คือ อ๊บไสไม้ และกิ้นบด,,,,1023297865697845248,https://twitter.com/pokpck/status/1023297865697845248
gobtaiii,2018-07-22 22:49,5,0,,ปัญหาคือมึงต้องการสาระอะไรจากวงไอดอลอะ ต้องให้วงมาสอนเคมีแบบเฌอปรางให้ทุกคนเหรอ แล้วที่ด่าคุณไข่เรื่องอ๊บไสไม้เนี่ย เคยดูคลิปหรือดูอะไรในมุมที่เค้าจริงจังมีสาระบ้างรึเปล่า หรือดู อ๊บไสไม้ คลิปเดียวแล้วตัดสินเค้าซะหมด,,,,1021059656255336449,https://twitter.com/gobtaiii/status/1021059656255336449
khuntonnn,2018-07-01 22:12,0,2,,ไข่อ๊บ อ๊บไสไม้ https:// twitter.com/ssadanuch/stat us/1013423194521272320 …,,,,1013440242492235776,https://twitter.com/khuntonnn/status/1013440242492235776
CCher48,2018-06-14 17:27,25,20,,ไม่อยากพูดเยอะ เจ็บคอ รวยแล้วโว้ย #อ๊บไสไม้ #KaimookBNK48 pic.twitter.com/T7OTkNbAli,,,# #KaimookBNK48,1007207886794121216,https://twitter.com/CCher48/status/1007207886794121216
MinkSsvm,2018-06-14 17:23,15,11,,ขออนุญาตตบหน้า #อ๊บไสไม้ ด้วย #สุนทรพจน์ ค่ะ เก่งมากค่าาา เว้นที่ไว้ค่ะกูจะอวย #BNK48 #KaimookBNK48,,,# # #BNK48 #KaimookBNK48,1007206802050543617,https://twitter.com/MinkSsvm/status/1007206802050543617
mongkoll01,2018-06-12 17:39,18,12,,ทานโทษนะฮะ สับสนอะไรในชีวิตรีเปล่า ? #KaimookBNK48 #bnk48 #อ๊บไสไม้ pic.twitter.com/p9du9wdTnK,,,#KaimookBNK48 #bnk48 #,1006486032357867520,https://twitter.com/mongkoll01/status/1006486032357867520
CHOCOOLIIE,2018-06-10 15:46,29,17,,เอาดีๆ ดราม่า #อ๊บไสไม้ กลายเป็นผลดีกับBNK48ปะ พูดตามตรงก่อนหน้านี้ไม่รู้จักน้องไข่มุกเลย มารู้จักตอนนี้แหละ ถือว่าเป็นข่าวที่ทำให้สมาชิกดังขึ้นอีกคนนึงแบบทำให้คนนอกที่ไม่ใช่แฟนคลับรู้จัก 555,,,#,1005732952355921920,https://twitter.com/CHOCOOLIIE/status/1005732952355921920
lovejupiterz,2018-06-10 13:41,936,471,,ตอบคำถามได้ดีมากลูก ขอบคุณบันเทิงไทยรัฐที่ไปสัมถาษณ์น้องนะครับ #KaimookBNK48 #BNK48 #อ๊บไส ไม้ pic.twitter.com/dQll7ldrmR,,,#KaimookBNK48 #BNK48 #,1005701524750680064,https://twitter.com/lovejupiterz/status/1005701524750680064
L1X01,2018-06-09 19:12,32165,2655,,ไม่กี่วัน ส่งไม่ต่ออย่างรวดเร็วมากอีดอกก อ๊บไสไม้ กับ เจเจตริน คงบั่บ กูรอดแล้ววว ส่งไม้ต่อ 555555555555555 #กัปตันชลธร pic.twitter.com/Dhwtqncnmo,,,#,1005422400492597248,https://twitter.com/L1X01/status/1005422400492597248
tigertop01,2018-06-09 17:53,236,51,,9 วันแรกของเดือนมิถุนายน วันก่อนโน้น #เจ้าขุน วันก่อนนั้นไข่มุก #อ๊บไสไม้ เมื่อวาน เจ เจตริน #NineEntertainAwards2018 วันนี้ #กัปตันชลธร พรุ่งนี้และวันต่อๆไปใครดี?,,,# # #NineEntertainAwards2018 #,1005402515544739845,https://twitter.com/tigertop01/status/1005402515544739845
Thairath_TV,2018-06-09 14:10,20,25,,สมาชิก BNK48 แจง 'ดราม่าอ๊บไสไม้' เป็นธรรมชาติของ “ไข่มุก” อยู่แล้ว ไม่ได้แอ๊บแต่อย่างใด แค่เป็นความแบ๊วส่วนตัว ชมคลิป>> https:// youtu.be/nGad30xRewY #อ๊บไสไม้ #ป้ายเป่าหลง #คุณไข่ #คุณไข่BNK48 #BNK48 #ไทยรัฐทีวี32 #ThairathTV pic.twitter.com/hh5QoOBT4M,,,# # # # #BNK48 # #ThairathTV,1005346398202544128,https://twitter.com/Thairath_TV/status/1005346398202544128
houseRCA,2018-06-09 14:09,27,23,,#อ๊บไสไม้ จอร์จีไม่มี มีแต่ถุงมือให้มือจอห์นนี #อ๊บอุ่น God's Own Country รอบ 17:00 ที่ #houseRCA pic.twitter.com/5qM3nz4cVH,,,# # #houseRCA,1005346049509060610,https://twitter.com/houseRCA/status/1005346049509060610
kttkny,2018-06-09 12:00,41,42,,คุณไข่เป็นเพนกิ้นแข็งแรง #KaimookBNK48 #อ๊บไสไม้ pic.twitter.com/Y68iv8hbS9,,,#KaimookBNK48 #,1005313607813349376,https://twitter.com/kttkny/status/1005313607813349376
TopTrendThai,2018-06-09 10:30,32,34,,2018-06-09 10:30:01 6. #SingtoPrachaya 7. Zello 8. #อ๊บไสไม้ 9. #ไม่มีเธอไม่ตาย 10. #เกมเสน่หา,,,#SingtoPrachaya # # #,1005290897372688385,https://twitter.com/TopTrendThai/status/1005290897372688385
marryjmb,2018-06-09 10:21,21,23,,รณรงค์ให้Girl can do anything แต่แอ๊บแบ๊วไม่ได้ งงเร้ย ย้อนแย้ง #อ๊บไสไม้,,,#,1005288781790887936,https://twitter.com/marryjmb/status/1005288781790887936
Halla18439934,2018-06-09 09:41,47,33,,ไข่มุกบอกว่าไม่รู้จักทั้งกบไสไม้ และ อ๊บไสไม้ และเห็นคนชี้ไปที่เนย ที่แฟนคลับเรียกว่าคุณอ๊บ เลยตอบแบบนั้นไป นี่ว่าจริงๆที่ไข่ตอบมันคือ อ๊บใสไม้ ใสแบบtransparentอ่ะ คือมันพ้องกับไสพอดี คนเลยแบบรู้จักไสไม้แต่ไม่รู้จักกบ สุดท้ายคือไม่ใช่โอตะ แต่เห็นบางคนที่ด่าละแบบโห bully #อ๊บไสไม้,,,#,1005278738383233024,https://twitter.com/Halla18439934/status/1005278738383233024
ghsSbDgsdlWApQo,2018-06-09 09:38,174,96,,ถ้าโอตะยังโยงถึงติ่งเกาหลีเเบบหาต้นสายปลายเหตุไม่ได้ คงรู้นะว่าพื้นที่เเห่งนี้ติ่งเกาหลีที่พวกมึงด่า มันคือถิ่นพวกเจ้ จำไว้ ถ้ายังรามถึงติ่งเกาอีก จะมีคนเกลียด BNK มากกว่าเดิม #อ๊บไส ไม้,,,#,1005277960780173312,https://twitter.com/ghsSbDgsdlWApQo/status/1005277960780173312
Meow_Yoi143,2018-06-09 08:58,29,21,,ทำไมต้องดราม่าเรื่อง #อ๊บไส ไม้ กันด้วยอ่ะ... อันนี้งงมาก ๆ นั่งดูในทีวียังรู้สึกว่าน่ารักตลกดีเลย คือยอมรับว่าแบบ เออ มันควรจะกบอ่ะ แต่คือมันสร้างสีสันให้รายการมั้ยอ่ะ ไม่ใช่แฟนคลับนะ แต่คือคนนอกที่ดูแบบไม่คิดอะไร,,,#,1005267893909508096,https://twitter.com/Meow_Yoi143/status/1005267893909508096
daraland_gmm25,2018-06-09 07:03,24,48,,#BNK48 มั่นใจ #KaimookBNK48 ไม่ได้แอ๊บหลังทีดรามา #อ๊บไสไม้ บอกอาจติดภาษาน่ารักของตัวเอง เชื่อไม่รู้จักจริง สมาชิกมีให้กำลังใจ ด้าน #CanBNK48 ดีใจออกงานแรก หลังโดนพักงาน เรื่องคดีให้ผู้ใหญ่จัดการ #ข่าวบันเทิงGMMNews #GMMNews #GMMNewsEnt #เช้าวันนี้ 6.00 น. #เที่ยงวันนี้ 11.50 น. pic.twitter.com/lDdJ7VsVcx,,,#BNK48 #KaimookBNK48 # #CanBNK48 # #GMMNews #GMMNewsEnt # #,1005238920840384512,https://twitter.com/daraland_gmm25/status/1005238920840384512
PPorsche_48,2018-06-09 02:35,1499,878,,คุณเนย : เค้าไม่ได้แบบ.. ยังไงดีอ่ะ พี่แก้ว : ก็คือ.. ไม่ได้แอ๊บอ่ะคะ!! พี่แก้วเป็นคนตรงๆ #อ๊บไสไม้ #KaimookBNK48 #NoeyBNK48 #KaewBNK48 #OrnBNK48 #NamneungBNK48 #BNK48 pic.twitter.com/wkTzpWpOoy,,,# #KaimookBNK48 #NoeyBNK48 #KaewBNK48 #OrnBNK48 #NamneungBNK48 #BNK48,1005171409486864384,https://twitter.com/PPorsche_48/status/1005171409486864384
truenetsim,2018-06-09 01:09,41,38,,มาฟัง ไข่มุก ชี้แจง!! เมื่อนักข่าวถามว่า #อ๊บไสไม้ ไม่รู้จริงหรือแกล้งแอ๊บ?? #KaimookBNK48 #MusicBNK48 #JennisBNK48 #BNK48 pic.twitter.com/rBwkpeYNHZ,,,# #KaimookBNK48 #MusicBNK48 #JennisBNK48 #BNK48,1005149764252360704,https://twitter.com/truenetsim/status/1005149764252360704
Polarbears1990,2018-06-08 23:47,1472,199,,สรุปไข่มุกออกมาพูดละว่า รู้ว่านั้นคือกบ ลังเลว่าจะตอบกบไสไม้ หรือ อ๊บไสไม้ เพราะไม่รู้ว่ากบไสไม้คืออะไร แล้วคนใบ้ชี้ไปที่เนยพอดี ก็เลยเออตอบ อ๊บไสไม้ ไปละกันไหนๆก็คิดว่าผิดอยู่แล้ว นางมีความตาบวม ไม่ได้เสียใจที่คนต้องมาด่าแต่เสียใจที่คนมาทะเลาะกัน จบ #อ๊บไสไม้,,,#,1005129203543445504,https://twitter.com/Polarbears1990/status/1005129203543445504
godnongbamMK,2018-06-08 23:16,201,54,,“ พอๆกับติ่งเกาหลีแหละค่ะ”/Me #อ๊บไสไม้ pic.twitter.com/wtlzNQ4CrT,,,#,1005121448820658177,https://twitter.com/godnongbamMK/status/1005121448820658177
bxnten,2018-06-08 21:09,114,60,,ฝากไว้ให้คิด #อ๊บไสไม้ pic.twitter.com/AEXa0oWl9x,,,#,1005089316358447104,https://twitter.com/bxnten/status/1005089316358447104
XionSpirit,2018-06-08 21:01,26,18,,สรุปประเด็นเรื่อง #อ๊บไสไม้ น้องให้สัมภาษณ์ว่า ไม่ว่าจะอ๊บหรือจะกบ น้องไม่รู้จักคำนี้ ก็เลยคิดว่าไหนๆ ก็จะผิดแล้วก็ตอบให้มันฮาดีกว่า #KaimookBNK48 #BNK48,,,# #KaimookBNK48 #BNK48,1005087404594626560,https://twitter.com/XionSpirit/status/1005087404594626560
kwambamlism,2018-06-08 21:00,3610,366,,ชอบการตอบกลับ และเกลียดคอมเม้น เหยียดมากอีดอก แคมป์ก่อสร้าง? จ้าาาาพ่อคนเมืองชีวิตสุขสบายไม่ต้องรู้จักเครื่องมือช่างแต่เรียนหนังสือบ้างนะ คือกูก็ไม่รู้จักอะแต่กูไม่ได้เกิดในเมือง แต่กูก็ไปหาว่ากบไสไม้คืออะไร #อ๊บไสไม้ อันนี้ไม่ได้ด่าคุณไข่นะคะ ด่าอีนี่แหละ ปากเก่งงงง pic.twitter.com/X1R3tyba5p,,,#,1005087094551638021,https://twitter.com/kwambamlism/status/1005087094551638021
MatichonOnline,2018-06-08 20:55,19,20,,ไข่มุก BNK48 เคลียร์ดราม่า ‘ อ๊บไสไม้ ’ ยันไม่ตั้งใจแอ๊บแบ๊ว แค่ไม่รู้จัก รับคำวิจารณ์ #มติชนบันเทิง #มติชนออนไลน์ #BNK48 #ไข่มุกBNK48 #อ๊บไสไม้ https://www. matichon.co.th/entertainment/ news_990603 …,,,# # #BNK48 # #,1005085935627882497,https://twitter.com/MatichonOnline/status/1005085935627882497
DailynewsTwit,2018-06-08 20:25,32,40,,ไข่มุก BNK48 รับเสียใจ คนตีกันปมดราม่า อ๊บไสไม้ https://www. dailynews.co.th/entertainment/ 648165 … #KaimookBNK48 #BNK48 #อ๊บไสไม้ pic.twitter.com/u5pkO4KFVj,,,#KaimookBNK48 #BNK48 #,1005078445712265216,https://twitter.com/DailynewsTwit/status/1005078445712265216
tkbtv3,2018-06-08 19:48,564,357,,"ไข่มุก #BNK48 เปิดใจกระแสดราม่า #อ๊บไสไม้ ที่เจ้าตัวตอบใน​ #Davinciเกมถอดรหัส ยอมรับว่าไม่รู้จักคำว่า กบไสไม้"" จริง ๆ ใครสนิทจะรู้ว่าตนเองมีคำศัพท์แปลก ๆ พูดกันในกลุ่มตลอด ตกใจกับกระแสดราม่า แต่ก็ไม่นำความเห็นที่อคติมาคิดมาก และจะตั้งใจพัฒนาตัวเองต่อไป #KaimookBNK48 pic.twitter.com/pDLxzGf6DB""",,,#BNK48 # #Davinci #KaimookBNK48,1005069050681032705,https://twitter.com/tkbtv3/status/1005069050681032705
musickokopop,2018-06-08 19:10,156,119,,สาวๆมาตอบดราม่าเรื่องกับ #อ๊บไสไม้ ชอบที่ทุกคนให้กำลังใจกันและตอบคำถามได้ดีมาก แต่ไม่เข้าใจนักข่าวที่ถามว่าเขารู้จักกบไหมคือเป็นคำถามที่ไม่ควรถามปะ ไม่ได้เกิดประโยชน์ไรเลย #Bnk48 pic.twitter.com/hzDYXNJaBZ,,,# #Bnk48,1005059552218267648,https://twitter.com/musickokopop/status/1005059552218267648
kapookdotcom,2018-06-08 18:37,36,38,,LIVE #BNK48 เปิดใจได้เข้าชิง #NineEntertainAwards2018 พร้อมตอบดราม่า #อ๊บไสไม้ https:// facebook.com/kapookdotcom/v ideos/1854629954573838/ … #kapook pic.twitter.com/MIKTaagyJf,,,#BNK48 #NineEntertainAwards2018 # #kapook,1005051279775690752,https://twitter.com/kapookdotcom/status/1005051279775690752
noktnn24,2018-06-08 18:06,1610,887,,#BNK48 สมาชิกแจง #ไข่มุก ไม่ได้แอ๊บ กรณี #อ๊บไสไม้ เชื่อไม่ทราบ เพราะส่วนตัวมุกเป็นคนคิดว่า กบ = อ๊บ อยู่แล้ว มีให้กำลังใจไปแล้ว ส่วนที่ถูกมองวงมีสไตล์แอ๊บ ทั้งหมดกล่าวว่าวงมีหลายสไตล์ และแคนออกงานครั้งแรกหลังพักงาน 1 เดือนกำลังใจดีแล้วและจะระวังขึ้น #ช่อง16 #tnn @tnnthailand pic.twitter.com/urTAaf7HSG,,@tnnthailand,#BNK48 # # # #tnn,1005043324246372357,https://twitter.com/noktnn24/status/1005043324246372357
ttylley,2018-06-08 17:37,315,74,,อ่าว.. #อ๊บไสไม้ pic.twitter.com/pjsDnoAcKq,,,#,1005035964652138497,https://twitter.com/ttylley/status/1005035964652138497
suuura17,2018-06-08 16:02,216,137,,อ๊บ = กบ อากาเซ่ = ควาย Exo-l = เหี้ย บลิ้ง = หมาขี้เรื้อน นุช = แรดแก่ๆใกล้สูญพันธุ์ อาร์มี่ = มนุษย์ผู้ประเสริฐ #antiblackpink #antigot7 #exoวงแตก #อ๊บไสไม้,,,#antiblackpink #antigot7 #exo #,1005012187885154304,https://twitter.com/suuura17/status/1005012187885154304
NWarutama,2018-06-08 15:08,146,123,,ขอบอกว่าสอนนศพ. นี่ผมยกตัวอย่างคุณไข่นะครับ คุณไข่นี่แบบอย่างที่ดีงามมากๆ #KaimookBNK48 #อ๊บไสไม้ #BNK48 คลิปนี้คือคลิปที่เปิดตลอด ทุกครั้งที่สอนนศพ.เรื่องเป้าหมาย passion และ แรงบันดาลใจ คือมันดีงาม pic.twitter.com/gc9eCpWFnM,,,#KaimookBNK48 # #BNK48,1004998529746534400,https://twitter.com/NWarutama/status/1004998529746534400
Waii_ting,2018-06-08 14:48,141,158,,ขอบคุณ #อ๊บไสไม้ ที่ทำให้ได้รู้จัก #BNK48 จริงๆสักที และสิ่งที่ได้จากการตามดูผลงาน น้องเค้าต่างๆ ตอนนี้บอกได้เลยว่าเป็นโอตะค่ะ หลายๆคนเหมาะที่จะเป็นไอดอลจริงๆ อื้ออออออ เฌอปรางคนเก่ง #CherprangBNK48,,,# #BNK48 #CherprangBNK48,1004993507440746496,https://twitter.com/Waii_ting/status/1004993507440746496
ncshh1010,2018-06-08 14:19,284,86,,ไม่เคยเกลียด bnk นะ แต่เกลียดโอตะบางคนเวลามีดราม่า bnk มาก mindset มึงคือประสาทแดกอะ บางคนเข้าขั้นเหยียดผู้หญิงคนอื่นเลย เห็นแล้วบางทียังสงสาร bnk ที่มีพวกนี้เป็นแฟนคลับ เพราะงั้นเวลามีดราม่าเลยชอบรีคนที่ด่าโอตะประสาทๆอะ เพราะบางเรื่องแม่งจริง #อ๊บไสไม้,,,#,1004986149754949632,https://twitter.com/ncshh1010/status/1004986149754949632
qpralin,2018-06-08 14:01,13057,1453,,ขำอันนี้55555555555555 #อ๊บไส ไม้ pic.twitter.com/0JxQFl9gPz,,,#,1004981680803704832,https://twitter.com/qpralin/status/1004981680803704832
itpepp,2018-06-08 13:19,3424,884,,ไม่ว่าจะผ่านไปกี่ปี ติ่งเกาหลียังคงผิดเสมอ อีควันยนนนนย ยยยยนย ลากกุไปรวมได้ทุกเรื่องงง นี่ติ่งเกาหลีหรือนายกโดนด่าตลอดดด และที่สำคัญโปรดอย่าเรียกดิฉันว่าติ่งเกาหลี ให้เรียกว่า ผู้ที่มีเงินไว้เปย์ผู้ชายอันเป็นที่รัก จรัมวรัยยยย #อ๊บไส ไม้,,,#,1004971181286436864,https://twitter.com/itpepp/status/1004971181286436864
TheCat_drama,2018-06-08 12:42,875,294,,ธรรมดาโลกไม่จำ 555555555555 #อ๊บไสไม้ pic.twitter.com/p4ZjAdCK6f,,,#,1004961752977534977,https://twitter.com/TheCat_drama/status/1004961752977534977
KKMT9993,2018-06-08 12:04,5069,775,,ดุจัง..มึงว่าป่ะ #อ๊บไสไม้ pic.twitter.com/FBEPmnHIaS,,,#,1004952265399025664,https://twitter.com/KKMT9993/status/1004952265399025664
XChangeEnglish,2018-06-08 10:30,62,49,,"คำศัพท์เกี่ยวกับช่าง"" Devider(ดิไว'เดอะ) = วงเวียน File (ไฟลฺ) = ตะไบ Hacksaw (แฮ็คซอว์) = เลื่อยตัดโลหะ Hammer (แฮม เมอะ) = ค้อน Measurement tape (เมส'เชอเมินทฺ เทพ) = ตลับเมตร Punch (พันชฺ) = เครื่องเจาะรู #อ๊บไส ไม้""",,,#,1004928636124721152,https://twitter.com/XChangeEnglish/status/1004928636124721152
XChangeEnglish,2018-06-08 10:28,218,143,,"กบไส ไม้ "" eng เรียกว่า Plane อ่านว่า ""เพลน"" มาดู ""คำศัพท์เกี่ยวกับช่าง"" กันบ้างค่ะ handyman tools (แฮน'ดี แทน) = เครื่องมือช่าง Blade ((เบลด)) = ใบมีด Bolt (โบลทฺ) = น็อตตัวผู้ Barometer (บะรอม'มิเทอะ) = เครื่องวัดความกดดันของอากาศ Chisel (ชิซ'เซิล) = สิ่ว #อ๊บไส ไม้""",,,#,1004928175795662849,https://twitter.com/XChangeEnglish/status/1004928175795662849
mybraceteeth,2018-06-08 10:04,102,67,,เฉยๆกับ อ๊บไสไม้ นะ คนเรามีประสบการณ์ไม่เหมือนกัน อีกอย่าง เราไม่ได้อยู่ตรงนั้น หน้ากล้อง หน้าเกมส์ การต้องคิด แล้วกดปุ่มตอบ ต้องแข่งกับเวลา ร่วมกับความตื่นเต้น บางทีเราอาจจะหลุดมากกว่านี้ก็ได้,,,,1004922052988375040,https://twitter.com/mybraceteeth/status/1004922052988375040
krupnan,2018-06-08 08:39,690,253,,Plane (n.) กบไสไม้ A plane is a tool for shaping wood. #อ๊บไสไม้,,,#,1004900696892702721,https://twitter.com/krupnan/status/1004900696892702721
_____Jiend,2018-06-08 08:36,686,270,,กูเป็นติ่ง เมนกูโดนทำร้ายกูก็ต้องปกป้อง กูเป็นโอตะ โอชิกูโดนทำร้ายกูก็ต้องออกมาปกป้องปะวะ ไม่มีใครอยากให้สาเหตุของรอยยิ้มตัวเองโดนทำร้ายหรอก แล้วไอ้ตรรกะ ไม่เป็นติ่งไม่เข้าใจ ไม่เป็นโอตะไม่เข้าใจ เลิกใช้เหอะ เพราะกูเป็นทั้งสองกูยังไม่เข้าใจเลย #อ๊บไส ไม้,,,#,1004900053352267776,https://twitter.com/_____Jiend/status/1004900053352267776
piam_piam,2018-06-08 08:33,734,243,,บางคนใช้คำพูดแรงจนแบบ เฮลโหล นี่คนตรงๆหรือคนสถุน #อ๊บไส ไม้,,,#,1004899079371935744,https://twitter.com/piam_piam/status/1004899079371935744
7hanakorn,2018-06-08 07:56,654,353,,"มีคำนึงที่โผล่มากับกระแส Cyber bully ของคุณไข่ เนี่ยเหรอไอดอล?"" แค่ความผิดพลาดเล็กๆ น้อยๆ คุณไข่ก็โดนตัดสินว่าไม่เหมาะที่จะเป็น แบบอย่าง แล้วเหรอ รู้จักคุณไข่กันดีรึยัง #KaimookBNK48 #อ๊บไส ไม้ pic.twitter.com/2KFvC9jRoM""",,,#KaimookBNK48 #,1004889935185235968,https://twitter.com/7hanakorn/status/1004889935185235968
MamiMmc,2018-06-08 07:34,207,86,,#อ๊บไสไม้ กำลังคิดอยู่ว่ามันเป็นแท็กอะไร อ่ออออ -_- แค่นี้ก็เก็บมาดราม่า ถามจริง?? pic.twitter.com/E1S7ye25Kl,,,#,1004884403628040193,https://twitter.com/MamiMmc/status/1004884403628040193
piam_piam,2018-06-08 07:00,516,179,,บางคนก็ด่าลืมตายจนอยากถามว่า แน่จริงซื้อบัตรจับมือเดินไปด่าเลยมั้ย กล้าปะ รึเก่งแค่หลังคีย์บอร์ด แต่ไม่ถามดีกว่า #อ๊บไสไม้,,,#,1004875815463448577,https://twitter.com/piam_piam/status/1004875815463448577
einstyle,2018-06-08 06:37,191,53,,"บริบทความรู้ของคนเรานั้นไม่เหมือนกัน : #ป้ายเป่าหลง คำว่า เป่าหลง"" แปลว่า 'สมบัติมังกร' ร้านค้าคนจีนสมัยก่อนบางร้านก็จะแขวนไว้หน้าร้าน คล้ายกับป้าย ""ร่ำรวยมั่นคง"" #อ๊บไสไม้ นอกจากกบไสไม้ แล้วยังมีเขียดไสไม้ และปาดไสไม้ด้วย ใช้งานแตกต่างกันไป ปล.วิชาการล้วนๆ รู้จักกันบ้างรึเปล่า""",,,# #,1004870057485262849,https://twitter.com/einstyle/status/1004870057485262849
AnnaBelleee00,2018-06-08 06:31,893,301,,พ่อชื่ออ๊บหรอคะ เห็นเดือดร้อนกันจังเลย55 5555555555555555555555555 55555555555555555555555555555555555555555555555555555555555555555555555555555555555555555555 #อ๊บไสไม้,,,#,1004868601554264065,https://twitter.com/AnnaBelleee00/status/1004868601554264065
Fah123KK,2018-06-08 06:08,265,111,,บ่งบอกถึงสติปัญญาอะ ด่าเพราะเป็นBNKอะ เหมือนเเค้นมานาน รายการวาไรตี้จ้าไม่ใช่รายการตอบปัญหาชิงทุนระดับชาติ #อ๊บไสไม้,,,#,1004862729696337920,https://twitter.com/Fah123KK/status/1004862729696337920
_boeytai,2018-06-08 04:05,5852,847,,และใช่ค่ะ ในทุกๆดราม่าบนโลกใบนี่จะต้องมีคนพูดประโยคแบบนี้ออกมาทุกครั้ง ให้เป็นพวกกูเองที่ผิด ฮื่อ ถ้าโลกแตกก็จะโทษกูใช่มั้ย คือใดๆล้วนวนมาด่าติ่งเกาหลีเสมอ มึงงงงเห็นนนนนกูววววเป็นนนนนสนามมมมอาาาารมมมมมณ์หรออออออออออ //ตัดพ้อระดับ10พร้อมซับน้ำตา #อ๊บไสไม้ pic.twitter.com/fZFHzXlYuq,,,#,1004831679846858753,https://twitter.com/_boeytai/status/1004831679846858753
phan209211,2018-06-08 01:23,290,112,,อยากจะบอกว่าคุณไข่เรียกกบว่าอ๊บมาตั้งนานละคงจะชินปากอะ แล้วในรูปมันเป็นกบใสก็เลยตอบไปว่าอ๊บใส #อ๊บไสไม้ pic.twitter.com/R2jsXF2r4O,,,#,1004791007186042880,https://twitter.com/phan209211/status/1004791007186042880
iinngg_99,2018-06-08 01:05,802,283,,คิดดูดิ ว่าทำไมโอตะเขาต้องมาปกป้อง เพราะเขารักในตัวน้อง เขาคอย Support มาตลอด นี่ไม่ได้ติ่ง #bnk48 นะ แต่คุณมาพูดว่าอวยกันเกิ๊นไรงี้ คือเขาก็รักของเขามั้ยวะ ลองคิดกลับกันดูดิถ้ามีคนมา bully เมนพวกคุณ พวกคุณจะหัวร้อนป้ะ พวกคุณอยากที่จะปกป้องเมนคุณป้ะ ก็เหมือนๆกันนั่นแหละ #อ๊บไส ไม้,,,#bnk48 #,1004786392084312064,https://twitter.com/iinngg_99/status/1004786392084312064
paunchypunpun,2018-06-08 01:05,2398,927,,เป็นคนนึงที่ตาม BNK48 แหละแต่หลายครั้งก็ยังรู้สึกว่าคุณไข่แอ๊บรึเปล่า พอมาดูคลิปนี้ก็ได้เปิดอีกมุมมองนึงดีนะ อยากให้ลองดูก่อนตัดสินค่ะทุกคน #อ๊บไสไม้ pic.twitter.com/KvL7hv7J39,,,#,1004786383238541312,https://twitter.com/paunchypunpun/status/1004786383238541312
xiaotangmo1,2018-06-08 01:04,2708,360,,ทีเวลาคนใช้ คะ กับ ค่ะ ผิด ดราม่ากันแทบเป็นแทบตาย แต่พอมาเป็นอ๊บ ไม่เป็นไรอ่ะ ใครเรียกไรแบบไหนก็ได้ #อ๊บไสไม้ pic.twitter.com/9czOJhgb1m,,,#,1004786268591362050,https://twitter.com/xiaotangmo1/status/1004786268591362050
INKSSAD,2018-06-07 23:27,124,99,,เห็นคุณไข่ในไอจีสตอรี่ของเจน และเห็นครูแก้วแซว อ๊บไสไม้ ใน voov คุณหมี ทำให้เรารู้สึกเบาใจว่า เมมเบอร์เขาคงให้กำลังใจกันดีมากอยู่แล้ว มากพอที่จะมองดราม่าเหล่านี้เป็นเรื่องตลกได้ แค่นี้ก็อุ่นใจขึ้นแล้วแหละ มาทำให้ด้อมของเรากลับมาสงบสุข ด้วยการเลิกตอบโต้คนอื่นกันเถอะ : ) #BNK48,,,#BNK48,1004761856836186112,https://twitter.com/INKSSAD/status/1004761856836186112
VenusCriJ,2018-06-07 23:14,129,45,,มองว่าปกติคือเค้ารู้แหละว่าคือกบ แต่คำติดปากในชีวิตประจำวันของเค้าเวลาเรียกกบ อาจจะพูดว่าอ๊บไง ละเวลากำลังแข่งขัน มันตื่นเต้นนะ อาจะยังไม่ทันประมวลดีๆก่อนพูดก็ได้ ใจเย็นๆนะสังคม #อ๊บไส ไม้,,,#,1004758515989151744,https://twitter.com/VenusCriJ/status/1004758515989151744
nunuuni,2018-06-07 23:00,5053,820,,ยอมรับไม่ค่อยไอดอลผู้หญิงเเบ๊วเกิ๊น เเต่กูเเก้ปัญหาที่ตัวเอง มึงก็ไม่ต้องไปดูเขาไง ถ้ามึงไม่ชอบเเบบเเบ๊วๆเเสดงว่ามึงอาจไม่ใช่กลุ่มเป้าหมายของเขาาาาา ก็ไม่เป็นไร มึงก็ไปดูในเเบบที่มึงชอบไงงงงง ปัญหาไม่ได้อยู่ที่เขาเเบ๊ว ปัญหาอยู่ที่ว่ามึงดูเขาเเล้วเอาเขามาด่าทำไมมมมมม #อ๊บไสไม้,,,#,1004754877719834625,https://twitter.com/nunuuni/status/1004754877719834625
Nes_TnotTea,2018-06-07 22:32,177,71,,แบบนี้เราว่าไม่น่าจะใช่ฝืนค่ะ น่าจะเรียกชินปากไหมคะ แล้วถ้านี่เป็นน้อง ตอนตอบเราก็ไม่คิดหรอกค่ะว่า อ๊บไสไม้ นี่จะกลายเป็นเรื่องที่คนออกมาวิพากษ์วิจารย์ได้,,,,1004747903858905088,https://twitter.com/Nes_TnotTea/status/1004747903858905088
senleknamsai,2018-06-07 21:43,1754,429,,เรื่องนี้สอนให้รู้ว่าไอดอลของคุณไม่ได้น่ารักสำหรับทุกคนเสมอไป ขอบคุณค่ะ #อ๊บไส ไม้,,,#,1004735546713726976,https://twitter.com/senleknamsai/status/1004735546713726976
Yugprang46,2018-06-07 21:10,2489,451,,#อ๊บไสไม้ เป็นดราม่าที่เหี้ยที่สุดที่กูเคยเจอ555555555,,,#,1004727408149217280,https://twitter.com/Yugprang46/status/1004727408149217280
kapookdotcom,2018-06-07 21:09,12,16,,จบดราม่า #อ๊บไสไม้ !? ไข่มุก #BNK48 อาจติดเรียก อ๊บ อ๊บ มานานแล้วจากคลิปนี้ https:// women.kapook.com/view194555.html #kapook,,,# #BNK48 #kapook,1004726950319910914,https://twitter.com/kapookdotcom/status/1004726950319910914
landx546,2018-06-07 21:09,1613,250,,คือเธอคนนี้ตั้งสติหน่อย พาลไปหมดแล้ว #อ๊บไสไม้ pic.twitter.com/B73Y0tZ1GV,,,#,1004726947438456832,https://twitter.com/landx546/status/1004726947438456832
GegenGrippe,2018-06-07 21:03,160,46,,ว่าไข่มุกว่าแอ๊บแบ๊ว แต่พอพูดตรงๆ แบบจอนอ ก็โดนว่า แข็งไป พอพูดจริงจังแบบเฌอก็โดนว่า น่าเบื่อไป พอไม่พูดแบบมิวสิค ก็โดนว่าอีก เอาเถิด haters gonna hate จริงๆ #อ๊บไสไม้,,,#,1004725549712007169,https://twitter.com/GegenGrippe/status/1004725549712007169
number9303,2018-06-07 21:03,287,95,,มึงเข้าใจคำว่าไม่ถูกชะตากับผญ.แบบนี้ป่ะ เออนั่นกู5555555555555 #อ๊บไส ไม้,,,#,1004725513171001350,https://twitter.com/number9303/status/1004725513171001350
iRyao,2018-06-07 21:00,2671,552,,นอกจากการเคารพ ‘ความชอบ’ ของคนอื่นแล้ว บางที่เราก็ต้องเคารพ ‘ความไม่ชอบ’ ของคนอื่นให้ได้ด้วย #อ๊บไสไม้,,,#,1004724666093584384,https://twitter.com/iRyao/status/1004724666093584384
FW_ryy,2018-06-07 20:40,139,36,,กูชื่อกบ กูไม่ได้ชื่ออ๊บ #อ๊บไสไม้ pic.twitter.com/n2MgbCGGwI,,,#,1004719837552132097,https://twitter.com/FW_ryy/status/1004719837552132097
oncemylovemomo,2018-06-07 20:27,154,48,,ทำไมถึงบอกผญเกือบทุกคนไม่ชอบคนแบบไข่มุกอ่ะ นี่ก็เป็นผญที่ชอบคุณไข่ เพราะนี่ก็เข้าใจว่าคุณไข่เค้าเป็นคนแบบนั้น เค้าไม่ได้แอ๊บอะไรเลย #อ๊บไส ไม้,,,#,1004716491684499456,https://twitter.com/oncemylovemomo/status/1004716491684499456
Tranon8,2018-06-07 20:06,1886,394,,แปลกตรงไหนที่เรียก กบ ว่า อ๊บ กูยังเคยเรียก มึง ว่า เหี้ย เลย #BNK48 #อ๊บไสไม้,,,#BNK48 #,1004711136229380096,https://twitter.com/Tranon8/status/1004711136229380096
7hanakorn,2018-06-07 20:05,771,304,,ดราม่าคุณไข่จบยังอะ ผมเพิ่งมา 55555 เห็นคุณไข่ตอบผิดแล้วดราม่า มาดูข้อที่น้องตอบถูกกันบ้างมั้ยละ #KaimookBNK48 #อ๊บไสไม้ pic.twitter.com/x814niSTVJ,,,#KaimookBNK48 #,1004710962534834176,https://twitter.com/7hanakorn/status/1004710962534834176
Milkywaysama,2018-06-07 19:24,11884,2676,,#อ๊บไสไม้ เราเป็นคนหนึ่งที่รู้จักมุกดี อยู่กับมุกมาสามปี ขนมที่มุกทำเราก็กิน ปีใหม่เราได้ของขวัญจากมุกทุกปี วันเกิดเรามุกจะชอบทำของทำมือให้ มุกเป็นคนที่มีโลกของตัวเองสูง อย่างตอนเล่นแบต นางจะเรียกลูกขนไก่ ว่าลูกเจี๊ยบ คือมุกไม่ได้แอ๊บแต่มุกเรียกของบางสิ่ง อย่างนั้นจริงๆ(1),,,#,1004700570974748672,https://twitter.com/Milkywaysama/status/1004700570974748672
ar14design,2018-06-07 19:12,364,73,,พวกที่ต่อต้านล้มล้างอำนาจ คือ พวกอ๊บฏ #อ๊บไสไม้,,,#,1004697715698069504,https://twitter.com/ar14design/status/1004697715698069504
Rutotle,2018-06-07 19:06,193,88,,ได้ยินมาว่าไข่มุกใส่ใจแฟนคลับมากๆ อ่านคอมเม้นตลอด ไม่รู้ว่าตอนนี้น้องจะรู้สึกยังไง แต่อยากให้น้องเข้มแข็งไว้นะ อย่าเก็บเอาคอมเม้นเชิงลบมาทำร้ายเรา พักผ่อนเยอะๆ #KaimookBNK48 #อ๊บไส ไม้ #BNK48,,,#KaimookBNK48 # #BNK48,1004696121468280832,https://twitter.com/Rutotle/status/1004696121468280832
SERIALIZED__,2018-06-07 19:03,7126,709,,ผิดหวังกับเพื่อนมาก รู้ว่าคนอื่นชอบยังมาแซะแบบนี้ เราอัพที่รองแก้วลงไอจีแล้วตอบไดเรคมาแบบนี้ ไม่ได้สนิทกันด้วยซ้ำ เลิกคบตลอดกาล #อ๊บไส ไม้ pic.twitter.com/4PG3mMKGIR,,,#,1004695289234538500,https://twitter.com/SERIALIZED__/status/1004695289234538500
truenetsim,2018-06-07 18:36,1304,557,,. หยุดดราม่า มาดูความจริง!! #อ๊บไสไม้ #ป้ายเป่าหลง #KaimookBNK48 #BNK48 pic.twitter.com/iaVOEHJfC1,,,# # #KaimookBNK48 #BNK48,1004688477462491139,https://twitter.com/truenetsim/status/1004688477462491139
_____Jiend,2018-06-07 18:26,83,28,,#อ๊บไสไม้ เป็นอะไรที่ไร้สาระสุดตั้งแต่เล่นทวิตมา คงขาดความอบอุ่นมากมั้ง แม่งก็เก่งแต่หลังคีย์บอร์ด,,,#,1004686144984920064,https://twitter.com/_____Jiend/status/1004686144984920064
leesooriz,2018-06-07 17:24,6568,1054,,ตอนแรกเห็นมีคนด่าไข่มุกแบบด่าชิบหาย แบบจำเป็นต้องด่าขนาดนี้มั้ย ก็เอียงไปทางฝั่งโอตะ แต่พอเข้าอีกเพจ เห็นโอตะไปบูลลี่คนอื่นอีกที แถมลากพ่อแม่ลากลูกเขามาว่าด้วย ก็แบบ... เอาเป็นว่านี่คิดเหมือนอีเจี๊ยบ #อ๊บไส ไม้ pic.twitter.com/FTJzDee0AG,,,#,1004670460456341504,https://twitter.com/leesooriz/status/1004670460456341504
Meawgolf_,2018-06-07 15:53,365,36,,สมมุตินะถ้าวันนึงกูไปออกรายการโชว์ แล้วตอบว่า อ๊บไสไม้ แบบนี้ ถามจริงๆ จะมีใครมาปกป้องกูบ้าง,,,,1004647513758941184,https://twitter.com/Meawgolf_/status/1004647513758941184
kohiwkap,2018-06-07 15:35,1336,383,,อย่าว่าคุณไข่ 555555555 #อ๊บไสไม้ pic.twitter.com/e3lUUtKlzG,,,#,1004642997709860864,https://twitter.com/kohiwkap/status/1004642997709860864
INKSSAD,2018-06-07 15:05,1328,402,,แค่คุณไข่ตอบว่า #อ๊บไสไม้ ในรายการบันเทิง บางคนด่าอย่างกับเขาทำผิดมากมาย .. แต่ไม่ได้ดูกิริยาวาจาตัวเองเลยว่าใช้คำพูดและความคิดที่น่ารังเกียจขนาดไหน .. โตพอที่จะเล่นโซเชียลเป็นแล้ว ก็คิดดูกันเองแล้วกันว่าคนอย่างคุณไข่ กับคนที่ด่าคุณไข่ คนแบบไหนที่เป็นพิษกับสังคม,,,#,1004635479277367296,https://twitter.com/INKSSAD/status/1004635479277367296
Thepparith,2018-06-07 14:30,248,54,,พิมพ์คำว่า อ๊บ ใน LINE ได้กบนะเอ้อ #อ๊บไสไม้ pic.twitter.com/0YEBr323Xn,,,#,1004626543027503104,https://twitter.com/Thepparith/status/1004626543027503104
b_owerdose,2018-06-07 13:45,858,99,,ยิ่งเวลาไปออกวาไรตี้ ตัวไอดอลเองอาจจะสร้าง character ใหม่ให้คนดูจำได้ เพื่อเพิ่ม air time ให้ตัวเองได้ออกกล้องเยอะขึ้น อาจเป็น character ที่ตรงข้ามกับที่บ.เค้าวางไว้ก็ได้ เพราะมันยิ่งดึงค.สนใจได้เพิ่ม อารมณ์แบบ อ้าวนึกว่าหยิ่งๆ ที่แท้บ๊องๆนี่ #อ๊บไส ไม้,,,#,1004615283858984961,https://twitter.com/b_owerdose/status/1004615283858984961
b_owerdose,2018-06-07 13:45,5865,1040,,กรณี #KaimookBNK48 #อ๊บไสไม้ นี่ทำให้รู้อย่างนึง ว่าคนไทยยังไม่ค่อยชินกับระบบไอดอลแบบนี้เท่าไหร่ ส่วนติ่งเกา (อย่างชาวเรา) หรือติ่งญป.จะเข้าใจดี ว่าไอดอลแต่ละวงบ.เค้าจะ keep character แต่ละคนไว้เลย เพื่อสร้างเอกลักษณ์,,,#KaimookBNK48 #,1004615268906119168,https://twitter.com/b_owerdose/status/1004615268906119168
daddy__crow,2018-06-07 13:38,3909,870,,ตามประเด็นคูมไข่ทันละ 555555 แต่เราก็เข้าใจนะว่าทำไมถึงเป็นประเด็น มันเป็นสิ่งที่เราทวิตบ่อยๆ เรื่องผู้หญิงบางคนเกลียดผู้หญิงใสๆ แบ๊วๆ ยิ่งหน้าตาน่ารักด้วยยิ่งเกลียด หมั่นไส้ มองว่าแอ๊บ เฟค ไม่ธรรมชาติ เออแล้วธรรมชาติต้องเป็น hater อย่างผญ.พวกนั้นหรอ? #KaimookBNK48 #อ๊บไส ไม้,,,#KaimookBNK48 #,1004613509458456576,https://twitter.com/daddy__crow/status/1004613509458456576
PanKatze,2018-06-07 13:25,278,40,,มันไม่ใช่เด็กทุกคนนะที่จะรู้จักกบไสไม้อะ 5555555 นี่รู้จัก ตอบได้ด้วย แต่การที่น้องตอบ #อ๊บไสไม้ โดยที่ตัวเองก็เรียกกบว่าอ๊บจนชินปาก มันกลายเป็นการแอ๊บขนาดนั้นได้ไงไม่รู้อะ เห็นแล้วก็สลดใจกะคนในสังคม,,,#,1004610372525907968,https://twitter.com/PanKatze/status/1004610372525907968
hipexable24,2018-06-07 11:10,17774,2203,,ประเด็น #อ๊บไสไม้ นี่ไม่ค่อยกล้าแตะนะ แต่อยากบอกหลายๆคนว่า ถ้าจะติ ให้ติแต่พองาม ติเฉพาะเรื่องว่า เออ หนูก็โตแล้ว กบคือกบนะลูก อ๊บไสไม้ ไม่มีบนโลกใบนี้นะลูกนะ คราวหน้าเอาใหม่เนอะ แค่นี้พอ อย่าลามไป bully เรื่องหน้าตา หรือรสนิยมใดๆของแฟนคลับเขา ไม่งั้นคนที่ไม่โต คือเราเองนั่นแหละ,,,#,1004576278584758272,https://twitter.com/hipexable24/status/1004576278584758272
rrxnebowch,2018-06-07 11:09,5202,617,,อย่าว่าคุณไข่่่่่่่5555555555555555555555555555555 cr.คาราโอเกะชั้นใต้ดิน #อ๊บไสไม้ pic.twitter.com/iHXzPytdpc,,,#,1004576018374393857,https://twitter.com/rrxnebowch/status/1004576018374393857
Alyssa_0742,2018-06-07 11:03,1938,422,,ไม่เห็นด้วยกับค่านิยมต้องแอ๊บถึงจะน่ารัก ถึงจะดูสวย คือผญสามารถดูดีได้ในแบบของตัวเองอะ ทำไมต้องแบ๊วถึงจะ=น่ารัก ละก็นะ บางทีวงการนี้มันก็ต้องแอ๊บบ้าง แต่แอ๊บเกินพอดีแบบนี้ก็ไม่แปลกที่จะมีฟีดแบ็กทางลบอะ (แต่ยังไงก็ตาม เราไม่สนับสนุนคอมเมนท์หยาบคายหยามเหยียดเกินเบอร์นะ) #อ๊บไส ไม้,,,#,1004574453718659072,https://twitter.com/Alyssa_0742/status/1004574453718659072
kadkung17,2018-06-07 10:54,206,37,,เข้าใจนะว่าบางคนคิดว่า ไข่มุกอาจจะสร้างค่านิยมสวยแต่โง่ผู้ชายถึงจะต้องชอบ แต่ถามจริง มีซักกี่เปอร์ที่เห็นความสำคัญของเรื่องนี้แล้วออกมาให้ความเห็นแบบดีๆ เท่าที่เห็นนี่ก็ด่าเพราะหมั่นไส้ส่วนตัวกันเยอะแยะ #อ๊บไส ไม้,,,#,1004572336530444288,https://twitter.com/kadkung17/status/1004572336530444288
lynnakami,2018-06-07 10:44,2707,462,,เจอเหล่าโอตะบอกว่าคุณไม่มีสิทธิ์ไปเหยียดหน้าตาน้อง เฉลย โอตะด่าคนที่แซะว่าสก๊อย หน้าตาดูสก๊อย ย้อนแย้งเว้อๆ #อ๊บไสไม้,,,#,1004569647407030272,https://twitter.com/lynnakami/status/1004569647407030272
PraewGu,2018-06-07 10:22,277,106,,นี่ไม่ได้เป็นโอตะนะ แต่เฮ่ยสังคมตัดสินความสามารถน้องด้วยภาพตัดมาไม่กี่วินาที คือมันก็รายการเพื่อความบันเทิงไง เขาจะตอบ #อ๊บไสไม้ #ป้ายเป่าหลง หรือเอ็กตรีมกว่านี้ มันก็คือวงการบันเทิงอ่ะ ไม่ลืมดิ ส่วนตัวนี่ตอนดูรายการก็โฟกัสบอยปกรณ์ตลอด สบายใจ #KaimookBNK48 #BNK48 pic.twitter.com/Kbc7XPoW9D,,,# # #KaimookBNK48 #BNK48,1004564108606300161,https://twitter.com/PraewGu/status/1004564108606300161
BaMarK9397,2018-06-07 02:51,1491,263,,เออก็จริง ทำไมต้องอ๊บด้วยอะ กบไม่ได้หรอ อึ่งอาง คางคก เขียดก็ได้อะ ทำไมต้องอ๊บอะมันดูไม่เมคเซ้นเลย #อ๊บไส ไม้ #BNK48,,,# #BNK48,1004450755594469378,https://twitter.com/BaMarK9397/status/1004450755594469378
Kanathip_Earth,2018-06-07 01:56,1546,265,,ถ้ายังพอมีสติกันบ้าง #อ๊บไสไม้ #ป้ายเป่าหลง อะไรนี่ก็คงคิดกันได้อะครับว่ามันเฟค จนดูเกินไป ผมเห็นละส่ายหน้า ไม่ได้ดีเลย แต่ถึงอย่างไรก็ตามเขามีสิทธิ์ที่จะทำแบบนั้นนะและคุณๆเหล่านั้นไม่มีสิทธิ์ไปด่าเขานะ แยกให้ออกนะครับสองประเด็น,,,# #,1004436979084226561,https://twitter.com/Kanathip_Earth/status/1004436979084226561
kyuukyuusha_,2018-06-07 01:06,4582,483,,ถ้า BNK48 ไปรายการนี้ล่ะ คาแรกเตอร์จะยังอยู่มั้ยนะ #อ๊บไสไม้ pic.twitter.com/dfl6XQaZqI,,,#,1004424355374219264,https://twitter.com/kyuukyuusha_/status/1004424355374219264
darkstom03,2018-06-07 01:02,3758,398,,ตลกร้าย #อ๊บไสไม้ pic.twitter.com/fv5p8b4ZXQ,,,#,1004423274887966720,https://twitter.com/darkstom03/status/1004423274887966720
nutyoyo,2018-06-07 00:35,1609,251,,มีดราม่าแม้กระทั่ง #อ๊บไสไม้ เหรอเนี่ย สงสัยที่บ้านไม่เคยดูรายการตลก,,,#,1004416457864765440,https://twitter.com/nutyoyo/status/1004416457864765440
omscw,2018-06-07 00:05,2747,225,,ส่วนตัวแล้วคิดว่ามันเป็นรายการบันเทิงก็ต้องมีความเฟคความคีพคาแรคเตอร์แบ๊วๆใสๆเพื่อความครื้นเครงของรายการส่วนนึงป่ะส่วนจะโง่จริงโง่ปลอมก็แล้วแต่ เพราะถ้าจะให้ตอบคำถามตรงไปตรงมาเป๊ะๆคงไม่เชิญBNKมาอ่ะ #อ๊บไสไม้,,,#,1004409004078927872,https://twitter.com/omscw/status/1004409004078927872
PuangSad,2018-06-06 23:59,2713,434,,ก็ไม่ชอบจริตไข่มุกเหมือนกัน แต่งงว่ามันทำผิดอะไรขนาดนั้น แค่แอ๊บแอ้ แอ๊บแบ๊วแกล้งตอบผิดเนี่ยนะ ด่ากันซะอย่างกับเพิ่งไปฆ่ายกครัวใคร #อ๊บไส ไม้,,,#,1004407517554696192,https://twitter.com/PuangSad/status/1004407517554696192
jajaa_mewnie,2018-06-06 23:29,1875,389,,ดูตั้งแต่เมื่อวานแหละ แต่ล่ะคำตอบก็เหมือนตอบแบบโง่ๆอ่ะ คือเหมือนประดิษฐ์คำให้โก๊ะเด๋อๆน่ารัก แต่กุแบบอะไรของมึ้งงงงงง #อ๊บไส ไม้,,,#,1004399954620661760,https://twitter.com/jajaa_mewnie/status/1004399954620661760
DuckB9,2018-06-06 23:23,2520,425,,นี่ว่าไอดอลไม่จำเป็นต้องแอ๊บใสหรือคีพลุคเอาใจแฟนคลับอ่ะ เห็นของต่างประเทศไอดอลผู้หญิงคือเป็นตัวของตัวเองก็มีเสน่ดีน่าติดตาม... . สรุปคือไม่ชอบล่ะไม่ได้อิจฉา แค่ผู้หญิงมองปุบรู้ปับประมาณนั้น #อ๊บไสไม้,,,#,1004398442888683521,https://twitter.com/DuckB9/status/1004398442888683521
piggybears_,2018-06-06 22:35,1485,234,,#อ๊บไสไม้ ชอบที่อีเจี๊ยบตอบ สั้นๆแต่ emoticon แม่งสื่อได้ดีจริงๆ 5555 pic.twitter.com/lLKpRojBKj,,,#,1004386276177469441,https://twitter.com/piggybears_/status/1004386276177469441
No10051,2018-06-06 22:05,2041,402,,พอคุณๆพิมพ์ๆด่าเค้าเสร็จคุณก็ไป ไม่กี่วันคุณๆก็ลืมกันหมดแล้ว แต่คนคนนึงที่เค้าโดนว่าเค้าจะเก็บไปคิดอีกนานแค่ไหน เอาใจเขามาใส่ใจเราด้วยค่ะ ปล.อย่ามาว่าเมื่อคนติแล้วต้องรับให้ได้นะ ในเมื่อมันเกินขอบเขตการติ กลายไปเป็นด่า กลายเป็นเป็น bully กันเรียบร้อยแล้ว #อ๊บไสไม้,,,#,1004378793299988480,https://twitter.com/No10051/status/1004378793299988480
Naresorn,2018-06-06 20:48,1884,183,,อ๊บแท๊กซี่ อ๊บทรงสิทธิ์ อ๊บสุวนันท์ #อ๊บไสไม้ #KaimookBNK48,,,# #KaimookBNK48,1004359451900383232,https://twitter.com/Naresorn/status/1004359451900383232
equal1717,2018-06-06 20:14,2478,255,,ไม่เข้าใจๆๆสมาชิกบางคนในbnk48นี่ถูกสร้างคาแร็คเตอร์ให้ดูไม่ฉลาดหรอ ดูก็รู้ว่าแสแสร้งแกล้งทำอะ ดูถูกคนดูมาก คิดว่าคนไม่รู้หรอว่าแอ๊บใส พวกโอตะก็ยกยอปอปั้นเหลือเกิน แตะต้องไม่ได้เล๊ย กูว่าเปิดดาวินชี่เด็ก5ขวบดูยังบันเทิงกว่า #อ๊บไสไม้,,,#,1004350717677617152,https://twitter.com/equal1717/status/1004350717677617152
ninekai666,2018-06-06 20:11,4288,2340,,ความบันเทิงยามค่ำของกูคืนนี้ คือ อ่านเม้น เรื่อง อ๊บไส ไม้ 55555555,,,,1004350101735653376,https://twitter.com/ninekai666/status/1004350101735653376
Normad_Dew,2018-06-06 19:52,2089,389,,เรียกกบว่าอ๊บแปลกตรงไหนอ่ะ ขนาดหอยมึงยังเรียกว่าหีกันเลย #อ๊บไสไม้,,,#,1004345234904395776,https://twitter.com/Normad_Dew/status/1004345234904395776
tinyunits,2018-06-06 17:09,1689,353,,"อาจเป็นคำติดปากก็ได้นะ นี่มักบอกเพื่อนว่า มึงๆหยิบปลาเก๋าให้กูหน่อย"" เพื่อนก็หยิบกระเป๋ามาให้ - ถ้าเป็นพวกกันมันจะเข้าใจกัน - ถ้าเป็นFCเค้าจะเอ็นดูอู๊วโซคิ้ว - ถ้าเป็นคนอื่นเค้าอาจจะ ""แอ๊บอะไรของมึง"" 555 ทุกคนมีสิทธิออกความเห็น แต่สตรองไว้เป็นตัวเองเถอะดีแล้ว #อ๊บไส ไม้ #BNK48""",,,# #BNK48,1004304343124795392,https://twitter.com/tinyunits/status/1004304343124795392
MissBipolar01,2018-06-06 16:00,4146,363,4.0,#อ๊บไสไม้ อีเหี้ยคิดได้ไง สัส นี้ถ้าไม่โง่จริงก็ปัญญาอ่อนนะ ตลกชิบหาย ไม่ได้ตลกเพราะความแบ๊วนะ แต่กูตลกเพราะความโง่ 55555 pic.twitter.com/qBbGDvtTip,,,#,1004286932690432001,https://twitter.com/MissBipolar01/status/1004286932690432001
Nawi77W,2018-06-06 14:59,54,12,4.0,อ๊บไสไม้ อะไรล่ะ ก็เห็นๆอยู่ว่ามันเป็นกบ หล่อนรู้จักเสียงร้องของกบแต่จะมาไม่รู้จักกบก็โง่เกินคนแล้ว คิดจะแอ๊บแบ๊วก็แอ๊บแบ๊วให้ดูฉลาดหน่อย,,,,1004271631471005697,https://twitter.com/Nawi77W/status/1004271631471005697
Toeyyj,2018-06-06 11:06,1,6,,กูตามไอดอลญี่ปุ่นแดกโชจูแทนน้ำ ก็ยังไม่เห็นเป็นห่าอะไรเลย ตามแล้วกูอยากแดกไหมก็ไม่ พูดแล้วขึ้นชิบหายแค่ อ๊บไส ไม้ เนี่ยนะไอสัส ด่าซะ เอาความฉลาดมาวัดความเป็นไอดอลหรอ ไร้สาระสัสๆ,,,,1004212879917133824,https://twitter.com/Toeyyj/status/1004212879917133824
pcy_baekhyun,2018-06-06 06:42,220,54,4.0,เห็นอี อ๊บไสไม้ ละแบบ เห้อออ รู้นะว่าเป็นการแสดง แต่แม่งแกล้งโง่ได้เหมือนโง่จริงมากอ่ะ เด็กยังรู้อ่ะว่ามันเป็นกบ แบ๊วจนเกิ้นน แบ๊วจนเหมือนไร้สมอง ละแตะต้องไม่ได้ด้วยนะ น่ารำคาญจริงๆ เพิ่งรู้ว่าผช.ชอบผญ.แบ๊วๆไร้สมองแบบนี้ อุ๊,,,,1004146374386937856,https://twitter.com/pcy_baekhyun/status/1004146374386937856
mbrb1x,2018-06-05 17:32,54,52,,คาดส้ม ชนช่องว่าง ศาลเครื่องเคียง ศาลกินข้าว แจวปล้นแจวกัด ป้ายเป่าหลง อ๊บไสไม้ ลูกลื่นล้มลื่น ลูกสะบัดแม่ ผ้าเช็ดยิ้ม - จะรอคำใหม่มาเรื่อยๆนะ #BNK48 #Mobilebnk48 #Musicbnk48 #Punbnk48 #Kaimookbnk48 #Janebnk48,,,#BNK48 #Mobilebnk48 #Musicbnk48 #Punbnk48 #Kaimookbnk48 #Janebnk48,1003947691892568066,https://twitter.com/mbrb1x/status/1003947691892568066
Pixhiida,2018-06-05 09:03,29,25,,ว่ากันด้วยเรื่อง อ๊บไสไม้ กับ ป้ายเป่าหลง ~ #Davinciเกมถอดรหัส #KaimookBNK48 #PupeBNK48 #BNK48 pic.twitter.com/KiqOn6GKPh,,,#Davinci #KaimookBNK48 #PupeBNK48 #BNK48,1003819600943857664,https://twitter.com/Pixhiida/status/1003819600943857664
lovejupiterz,2018-06-04 19:54,4,3,,คำตอบ กบไส ไม้ ไข่มุกตอบ อ๊บไส ไม้ คำตอบ ป้ายบอกทาง ไข่มุกตอบ ป้ายเป่าหลง คุณไข่ is real #KaimookBNK48 #BNK48 pic.twitter.com/BeHgPOgldR,,,#KaimookBNK48 #BNK48,1003620983469572096,https://twitter.com/lovejupiterz/status/1003620983469572096
bulletin48,2018-06-04 17:46,17,13,,อ๊บไสไม้ ป้ายเป่าหลง #KaimookBNK48 ลูกกกกกกกกกกกกกก #BNK48 #Davincigameshow pic.twitter.com/o8viMJtdmg,,,#KaimookBNK48 #BNK48 #Davincigameshow,1003588700645687298,https://twitter.com/bulletin48/status/1003588700645687298
WasanS2000,2018-06-04 17:25,7,8,,ถ้าเป็นคนอื่นอาจจะคิดว่ามุข แต่สำหรับคุณไข่คิดว่าจริง #ป้ายป่าวหลง #อ๊บไส ไม้ #KaimookBNK48 #BNK48,,,# # #KaimookBNK48 #BNK48,1003583607502323712,https://twitter.com/WasanS2000/status/1003583607502323712
iamyourvent,2018-06-04 17:24,7,4,,"อ๊บไสไม้ "" ""ป้ายเปล่าหลง"" ฮืออ คุณไข่จ๋าาา #KaimookBNK48 #BNK48""",,,#KaimookBNK48 #BNK48,1003583202361946113,https://twitter.com/iamyourvent/status/1003583202361946113
bankmodify,2018-06-04 17:12,1,2,,"อ๊บไสไม้ - ไข่มุก BNK48 , 2561 #KaimookBNK48 #BNK48 เรื่องทายคำไว้ใจคุณไข่",,,#KaimookBNK48 #BNK48,1003580303414157313,https://twitter.com/bankmodify/status/1003580303414157313
CnL4eve,2018-06-04 17:12,35,50,,เนยก็มา อ๊บไสไม้ 5555 ก็ถูกของคุณไข่นะ ... #BNK48 #NoeyBNK48 #KaimookBNK48 #JaneBNK48 pic.twitter.com/oeaRH7hF6T,,,#BNK48 #NoeyBNK48 #KaimookBNK48 #JaneBNK48,1003580205871464448,https://twitter.com/CnL4eve/status/1003580205871464448
BPranotphon,2018-06-04 17:10,3,1,,คุณไข่ : อ๊บไสไม้ // คุณไข่โว้ยยยยยยยยยยยยยย!!!!!!!!!! 55555555555 #KaimookBNK48 #Davinciเกมถอดรหัส,,,#KaimookBNK48 #Davinci,1003579681487052805,https://twitter.com/BPranotphon/status/1003579681487052805
tenmind2030,2018-06-04 17:10,2,1,,อ๊บไสไม้ 5555 ขำไปอีก #KaimookBNK48 #BNK48 pic.twitter.com/TSAE5Lknwi,,,#KaimookBNK48 #BNK48,1003579660985200645,https://twitter.com/tenmind2030/status/1003579660985200645
MWK22111,2018-06-04 17:09,0,0,,คุณไข่ อ๊บไสไม้ หนูลูกกกก มันไม่มี 55555 โอ้ยยยย #Davinciเกมถอดรหัส #KaimookBNK48,,,#Davinci #KaimookBNK48,1003579599752531968,https://twitter.com/MWK22111/status/1003579599752531968
pkumproah,2018-06-04 17:09,1,0,,อ๊บไสไม้ !!!!! คุณไข่ได้บัญญัติศัพท์ใหม่อีกแล้ว!!!! #BNK48 #KaimookBNK48,,,#BNK48 #KaimookBNK48,1003579516529229824,https://twitter.com/pkumproah/status/1003579516529229824
insomniac25_,2018-06-04 17:09,2,1,,อ๊บไสไม้ คุณไข่!!!!!!!!!!!!!!!!!! #Davinciเกมถอดรหัส #BNK48,,,#Davinci #BNK48,1003579363885871105,https://twitter.com/insomniac25_/status/1003579363885871105
dearzme,2018-06-04 17:08,1,1,,กินนมอยู่นี่พุ่งเลย อ๊บไสไม้ คิดได้ไง #bnk48,,,#bnk48,1003579319929589762,https://twitter.com/dearzme/status/1003579319929589762
With_Wishlist,2018-06-04 17:08,0,0,,อ๊บไสไม้,,,,1003579268041805824,https://twitter.com/With_Wishlist/status/1003579268041805824
